id,country,country_id,year,value
1,"Afghanistan, Islamic Rep. of",1,2012,90.7170667350174
2,Albania,3,2012,87.5675880766163
3,Algeria,4,2012,155.054166666667
4,Angola,7,2012,24.3751413513107
5,Anguilla,8,2012,107.285
6,Antigua and Barbuda,10,2012,93.6121060068111
7,Argentina,11,2012,0.0
8,"Armenia, Rep. of",12,2012,109.930464880373
9,"Aruba, Kingdom of the Netherlands",13,2012,95.1526666666667
10,Australia,14,2012,101.025
11,Austria,15,2012,88.4405108333333
12,"Azerbaijan, Rep. of",16,2012,109.008333333333
13,"Bahamas, The",17,2012,97.9432766225583
14,"Bahrain, Kingdom of",18,2012,86.083036044607
15,Bangladesh,19,2012,56.9085611262317
16,Barbados,20,2012,75.6679752931323
17,"Belarus, Rep. of",21,2012,35.4493576803504
18,Belgium,22,2012,98.8983333333333
19,Belize,23,2012,97.2978079578809
20,Benin,24,2012,100.122371787741
21,Bhutan,26,2012,0.0
22,Bolivia,27,2012,80.1025
23,Bosnia and Herzegovina,28,2012,102.056622094778
24,Botswana,29,2012,78.9680322780881
25,Brazil,31,2012,3500.6575
26,British Virgin Islands,243,2012,0.0
27,Brunei Darussalam,33,2012,100.203939686862
28,Bulgaria,34,2012,6592.91648146526
29,Burkina Faso,35,2012,100.645770065076
30,Burundi,36,2012,78.8343426105831
31,Cabo Verde,40,2012,98.0198269276494
32,Cambodia,37,2012,148.055916666667
33,Cameroon,38,2012,102.384454082019
34,Canada,39,2012,121.675
35,Cayman Islands,41,2012,101.40185
36,Central African Rep.,42,2012,69.7485674782543
37,Chad,43,2012,98.1273475322637
38,Chile,44,2012,82.5158333333333
39,"China, P.R.: Hong Kong",98,2012,81.0666666666667
40,"China, P.R.: Macao",131,2012,79.325
41,"China, P.R.: Mainland",45,2012,84.4979741666667
42,Colombia,48,2012,77.6308141666667
43,"Comoros, Union of the",49,2012,159.790098721433
44,"Congo, Dem. Rep. of the",50,2012,122.237083333333
45,"Congo, Rep. of",52,2012,85.8571101650789
46,Costa Rica,54,2012,83.85525
47,Côte d'Ivoire,109,2012,98.8783466666425
48,"Croatia, Rep. of",55,2012,98.5
49,"Curaçao, Kingdom of the Netherlands",250,2012,120.716666666667
50,Cyprus,57,2012,103.960108583622
51,Czech Rep.,58,2012,97.9166666666667
52,Denmark,59,2012,98.2166666666667
53,Djibouti,60,2012,98.2980849171476
54,Dominica,61,2012,102.345
55,Dominican Rep.,62,2012,80.5790750220782
56,Ecuador,64,2012,93.302727676403
57,"Egypt, Arab Rep. of",65,2012,42.0150235305198
58,El Salvador,66,2012,108.116666666667
59,"Equatorial Guinea, Rep. of",67,2012,120.95
60,"Estonia, Rep. of",69,2012,190.908333333333
61,"Eswatini, Kingdom of",214,2012,66.8019120921425
62,"Ethiopia, The Federal Dem. Rep. of",70,2012,73.4608248431814
63,"Fiji, Rep. of",73,2012,96.675
64,Finland,74,2012,97.7261175
65,France,75,2012,98.605
66,Gabon,79,2012,85.4041518597332
67,"Gambia, The",80,2012,61.1620774792125
68,Georgia,81,2012,107.518658333333
69,Germany,82,2012,92.131335
70,Ghana,83,2012,36.4027675281053
71,Greece,85,2012,104.176
72,Grenada,87,2012,109.280833333333
73,Guadeloupe,88,2012,98.4525
74,Guatemala,90,2012,108.1725
75,Guinea,92,2012,53.1767924869506
76,Guinea-Bissau,93,2012,99.6312048736462
77,Guyana,94,2012,109.731666666667
78,Haiti,95,2012,64.4851549584943
79,Honduras,97,2012,247.325
80,Hungary,99,2012,133.183333333333
81,Iceland,100,2012,140.724183333333
82,India,101,2012,99.9988985354377
83,Indonesia,102,2012,99.9999875
84,"Iran, Islamic Rep. of",103,2012,51.1481652925907
85,Iraq,104,2012,0.0
86,Ireland,105,2012,99.925
87,Israel,107,2012,92.3416666666667
88,Italy,108,2012,98.4883725
89,Jamaica,110,2012,70.7416666666667
90,Japan,111,2012,94.5166666666667
91,Jordan,113,2012,87.3337152203038
92,"Kazakhstan, Rep. of",114,2012,50.5582730245907
93,Kenya,115,2012,67.6968662659466
94,Kiribati,116,2012,122.87980961312
95,"Korea, Rep. of",118,2012,91.8150833333333
96,"Kosovo, Rep. of",251,2012,98.371846984568
97,Kuwait,119,2012,97.6408980582524
98,Kyrgyz Rep.,120,2012,81.5814471158466
99,Lao People's Dem. Rep.,121,2012,88.8873929267861
100,Latvia,123,2012,99.2396991666667
101,Lebanon,124,2012,94.4261588120971
102,"Lesotho, Kingdom of",125,2012,59.2942160283653
103,Liberia,126,2012,46.3762575620843
104,Libya,127,2012,159.566975
105,Lithuania,129,2012,99.7426166666667
106,Luxembourg,130,2012,97.22
107,"Madagascar, Rep. of",134,2012,78.2097509835711
108,Malawi,135,2012,24.281049630599
109,Malaysia,136,2012,104.908333333333
110,Maldives,137,2012,88.3463849171423
111,Mali,138,2012,100.547786624416
112,Malta,139,2012,95.3840958669628
113,Martinique,141,2012,97.8933333333333
114,"Mauritania, Islamic Rep. of",142,2012,82.122799457788
115,Mauritius,143,2012,88.261253309797
116,Mexico,145,2012,79.0281241666667
117,"Micronesia, Federated States of",146,2012,99.2488383531947
118,"Moldova, Rep. of",147,2012,41.9629594526249
119,Mongolia,149,2012,61.0004768668831
120,Montenegro,150,2012,97.0390351988675
121,Montserrat,151,2012,99.1931068806769
122,Morocco,152,2012,93.6271862706271
123,"Mozambique, Rep. of",153,2012,76.9157348610781
124,Myanmar,154,2012,98.6371451052834
125,Namibia,155,2012,97.603984735664
126,"Nauru, Rep. of",156,2012,100.075
127,Nepal,157,2012,81.3546553155811
128,"Netherlands, The",158,2012,96.035
129,New Caledonia,160,2012,103.513333333333
130,New Zealand,161,2012,95.269165
131,Nicaragua,162,2012,161.108333333333
132,Niger,163,2012,96.0103262919653
133,Nigeria,164,2012,135.477175127688
134,"North Macedonia, Republic of",133,2012,107.350293711187
135,Norway,168,2012,93.925
136,Oman,169,2012,100.029166666667
137,Pakistan,170,2012,82.9948509880817
138,"Palau, Rep. of",171,2012,92.3222781429745
139,Panama,173,2012,96.12874175
140,Papua New Guinea,174,2012,100.8
141,Paraguay,175,2012,81.6784869976359
142,Peru,176,2012,74.7045017364799
143,Philippines,177,2012,85.2097283085013
144,"Poland, Rep. of",179,2012,122.65
145,Portugal,180,2012,100.0
146,Qatar,182,2012,88.8500671223597
147,Romania,184,2012,95.72
148,Russian Federation,185,2012,113.943541666667
149,Rwanda,186,2012,93.9228816458345
150,Samoa,194,2012,98.9077299113962
151,"San Marino, Rep. of",195,2012,104.7125
152,"São Tomé and Príncipe, Dem. Rep. of",196,2012,81.1658333333333
153,Saudi Arabia,197,2012,90.0176058333333
154,Senegal,198,2012,100.534394148442
155,"Serbia, Rep. of",199,2012,163.866666666667
156,Seychelles,200,2012,91.7543914818288
157,Sierra Leone,201,2012,35.7975
158,Singapore,202,2012,96.2045
159,"Sint Maarten, Kingdom of the Netherlands",191,2012,120.983333333333
160,Slovak Rep.,203,2012,161.85
161,"Slovenia, Rep. of",204,2012,98.585
162,Solomon Islands,205,2012,0.0
163,Somalia,206,2012,0.0
164,South Africa,207,2012,63.1
165,"South Sudan, Rep. of",252,2012,158.926942471238
166,Spain,209,2012,92.7174166666667
167,Sri Lanka,210,2012,75.8660587437584
168,St. Kitts and Nevis,189,2012,108.4025
169,St. Lucia,190,2012,98.3969023392432
170,St. Vincent and the Grenadines,193,2012,106.608333333333
171,Sudan,211,2012,229.974924833039
172,Suriname,212,2012,58.9891213759761
173,Sweden,215,2012,314.195833333333
174,Switzerland,216,2012,101.147375
175,Syrian Arab Rep.,217,2012,203.484784165635
176,"Tajikistan, Rep. of",219,2012,419.727650372301
177,"Tanzania, United Rep. of",220,2012,67.5230211498909
178,Thailand,221,2012,94.4116616166944
179,"Timor-Leste, Dem. Rep. of",63,2012,87.5701310861424
180,Togo,222,2012,97.5989831639064
181,Tonga,224,2012,83.5323803561491
182,Trinidad and Tobago,225,2012,87.043057361653
183,Tunisia,226,2012,86.8982406362366
184,Turkey,227,2012,206.835
185,Uganda,231,2012,79.8538881076139
186,Ukraine,232,2012,104.625
187,United Arab Emirates,233,2012,90.5623231790101
188,United Kingdom,234,2012,96.0
189,United States,235,2012,105.291504532867
190,Uruguay,237,2012,43.5468530575769
191,"Uzbekistan, Rep. of",238,2012,40.2185508936128
192,Vanuatu,239,2012,138.8
193,"Venezuela, Rep. Bolivariana de",241,2012,288.8
194,Vietnam,242,2012,78.9978833900787
195,West Bank and Gaza,172,2012,95.4593187224229
196,"Yemen, Rep. of",247,2012,153.029755806066
197,Zambia,248,2012,122.700833333333
198,Zimbabwe,249,2012,2.04833977724741
199,"Afghanistan, Islamic Rep. of",1,2013,97.4172222531853
200,Albania,3,2013,89.2643158790442
201,Algeria,4,2013,160.1
202,Angola,7,2013,26.5147459928645
203,Anguilla,8,2013,107.4425
204,Antigua and Barbuda,10,2013,94.6039242325435
205,Argentina,11,2013,0.0
206,"Armenia, Rep. of",12,2013,116.295073591944
207,"Aruba, Kingdom of the Netherlands",13,2013,92.8955833333333
208,Australia,14,2013,103.5
209,Austria,15,2013,90.2094591666667
210,"Azerbaijan, Rep. of",16,2013,111.641666666667
211,"Bahamas, The",17,2013,98.6508333333333
212,"Bahrain, Kingdom of",18,2013,88.9237861929259
213,Bangladesh,19,2013,61.1940070606261
214,Barbados,20,2013,77.0406713324203
215,"Belarus, Rep. of",21,2013,41.9409365949951
216,Belgium,22,2013,99.9991666666667
217,Belize,23,2013,97.7937813632158
218,Benin,24,2013,100.55178551563
219,Bhutan,26,2013,77.4322399574179
220,Bolivia,27,2013,84.6975
221,Bosnia and Herzegovina,28,2013,101.961662812854
222,Botswana,29,2013,83.614990689013
223,Brazil,31,2013,3717.84916666667
224,British Virgin Islands,243,2013,0.0
225,Brunei Darussalam,33,2013,100.593938483552
226,Bulgaria,34,2013,6651.59960522458
227,Burkina Faso,35,2013,101.182955295671
228,Burundi,36,2013,85.0921796756532
229,Cabo Verde,40,2013,99.4965376286854
230,Cambodia,37,2013,152.411166666667
231,Cameroon,38,2013,104.483690849066
232,Canada,39,2013,122.816666666667
233,Cayman Islands,41,2013,103.59275
234,Central African Rep.,42,2013,74.6231507725109
235,Chad,43,2013,98.3458492323384
236,Chile,44,2013,83.9925
237,"China, P.R.: Hong Kong",98,2013,84.5833333333333
238,"China, P.R.: Macao",131,2013,83.6883333333333
239,"China, P.R.: Mainland",45,2013,86.7127083333333
240,Colombia,48,2013,79.1966216666667
241,"Comoros, Union of the",49,2013,152.927316410847
242,"Congo, Dem. Rep. of the",50,2013,123.225031679417
243,"Congo, Rep. of",52,2013,89.8336819860138
244,Costa Rica,54,2013,88.242
245,Côte d'Ivoire,109,2013,101.430565255649
246,"Croatia, Rep. of",55,2013,100.683333333333
247,"Curaçao, Kingdom of the Netherlands",250,2013,122.325
248,Cyprus,57,2013,103.544935909533
249,Czech Rep.,58,2013,99.325
250,Denmark,59,2013,98.9916666666667
251,Djibouti,60,2013,100.958062971818
252,Dominica,61,2013,102.2975
253,Dominican Rep.,62,2013,84.4718106263857
254,Ecuador,64,2013,95.8422187176763
255,"Egypt, Arab Rep. of",65,2013,45.9937285372383
256,El Salvador,66,2013,108.935833333333
257,"Equatorial Guinea, Rep. of",67,2013,124.516666666667
258,"Estonia, Rep. of",69,2013,196.216666666667
259,"Eswatini, Kingdom of",214,2013,70.5570521414699
260,"Ethiopia, The Federal Dem. Rep. of",70,2013,78.9439569190278
261,"Fiji, Rep. of",73,2013,99.4916666666667
262,Finland,74,2013,99.1707891666667
263,France,75,2013,99.4566666666667
264,Gabon,79,2013,85.835819509251
265,"Gambia, The",80,2013,64.6477837220736
266,Georgia,81,2013,106.9681
267,Germany,82,2013,93.5176566666667
268,Ghana,83,2013,40.6495843930672
269,Greece,85,2013,103.216258333333
270,Grenada,87,2013,109.23275
271,Guadeloupe,88,2013,99.3516666666667
272,Guatemala,90,2013,112.870833333333
273,Guinea,92,2013,59.4982307277435
274,Guinea-Bissau,93,2013,100.833878610108
275,Guyana,94,2013,111.817941974753
276,Haiti,95,2013,67.5578880995221
277,Honduras,97,2013,260.091666666667
278,Hungary,99,2013,135.491666666667
279,Iceland,100,2013,146.173416666667
280,India,101,2013,110.016666666667
281,Indonesia,102,2013,106.4125
282,"Iran, Islamic Rep. of",103,2013,69.8699464020071
283,Iraq,104,2013,0.0
284,Ireland,105,2013,100.433333333333
285,Israel,107,2013,93.7916666666667
286,Italy,108,2013,99.6899241666667
287,Jamaica,110,2013,77.35
288,Japan,111,2013,94.8333333333333
289,Jordan,113,2013,91.5472378561982
290,"Kazakhstan, Rep. of",114,2013,53.5141165365142
291,Kenya,115,2013,71.5674302420491
292,Kiribati,116,2013,121.051285442933
293,"Korea, Rep. of",118,2013,93.0099166666667
294,"Kosovo, Rep. of",251,2013,100.110396524502
295,Kuwait,119,2013,100.259916782247
296,Kyrgyz Rep.,120,2013,86.9770417253374
297,Lao People's Dem. Rep.,121,2013,94.5507884373874
298,Latvia,123,2013,99.2104683333333
299,Lebanon,124,2013,98.9784624009931
300,"Lesotho, Kingdom of",125,2013,62.1789501952762
301,Liberia,126,2013,49.8903288879976
302,Libya,127,2013,163.725
303,Lithuania,129,2013,100.7874
304,Luxembourg,130,2013,98.9058333333333
305,"Madagascar, Rep. of",134,2013,82.7665869433636
306,Malawi,135,2013,30.9057293381474
307,Malaysia,136,2013,107.116666666667
308,Maldives,137,2013,91.7085214535873
309,Mali,138,2013,99.9377266474592
310,Malta,139,2013,96.5098994359043
311,Martinique,141,2013,99.105
312,"Mauritania, Islamic Rep. of",142,2013,85.5137333973574
313,Mauritius,143,2013,91.3886105378185
314,Mexico,145,2013,82.0362433333333
315,"Micronesia, Federated States of",146,2013,100.988002915546
316,"Moldova, Rep. of",147,2013,43.8923655420106
317,Mongolia,149,2013,67.3998275162338
318,Montenegro,150,2013,99.1796121744319
319,Montserrat,151,2013,100.055368918751
320,Morocco,152,2013,95.3879903190319
321,"Mozambique, Rep. of",153,2013,80.1933854587192
322,Myanmar,154,2013,104.203277508575
323,Namibia,155,2013,103.070710740075
324,"Nauru, Rep. of",156,2013,0.0
325,Nepal,157,2013,88.7092488611534
326,"Netherlands, The",158,2013,98.4425
327,New Caledonia,160,2013,104.835833333333
328,New Zealand,161,2013,96.34992
329,Nicaragua,162,2013,172.604166666667
330,Niger,163,2013,98.2159054143319
331,Nigeria,164,2013,146.986663444965
332,"North Macedonia, Republic of",133,2013,110.34
333,Norway,168,2013,95.9166666666667
334,Oman,169,2013,101.075
335,Pakistan,170,2013,89.3789444968128
336,"Palau, Rep. of",171,2013,95.4195152013147
337,Panama,173,2013,100.0000005
338,Papua New Guinea,174,2013,105.8
339,Paraguay,175,2013,83.8706211046637
340,Peru,176,2013,76.7722451455261
341,Philippines,177,2013,87.4104294478528
342,"Poland, Rep. of",179,2013,123.866666666667
343,Portugal,180,2013,100.274416666667
344,Qatar,182,2013,91.7127963544553
345,Romania,184,2013,99.5341666666667
346,Russian Federation,185,2013,121.638958333333
347,Rwanda,186,2013,99.4871255063898
348,Samoa,194,2013,99.511151848457
349,"San Marino, Rep. of",195,2013,106.3925
350,"São Tomé and Príncipe, Dem. Rep. of",196,2013,87.745
351,Saudi Arabia,197,2013,93.1975
352,Senegal,198,2013,101.248435145458
353,"Serbia, Rep. of",199,2013,176.475
354,Seychelles,200,2013,95.7355580839434
355,Sierra Leone,201,2013,37.775
356,Singapore,202,2013,98.4735833333333
357,"Sint Maarten, Kingdom of the Netherlands",191,2013,124.042575833333
358,Slovak Rep.,203,2013,164.116666666667
359,"Slovenia, Rep. of",204,2013,100.329166666667
360,Solomon Islands,205,2013,0.0
361,Somalia,206,2013,0.0
362,South Africa,207,2013,66.75
363,"South Sudan, Rep. of",252,2013,158.834620255379
364,Spain,209,2013,94.0234166666667
365,Sri Lanka,210,2013,81.1072277432712
366,St. Kitts and Nevis,189,2013,109.6025
367,St. Lucia,190,2013,99.8419249166667
368,St. Vincent and the Grenadines,193,2013,107.466666666667
369,Sudan,211,2013,313.967160096078
370,Suriname,212,2013,60.1237393968399
371,Sweden,215,2013,314.056666666667
372,Switzerland,216,2013,100.927558333333
373,Syrian Arab Rep.,217,2013,0.0
374,"Tajikistan, Rep. of",219,2013,440.754521723324
375,"Tanzania, United Rep. of",220,2013,72.8375715418531
376,Thailand,221,2013,96.4744489686762
377,"Timor-Leste, Dem. Rep. of",63,2013,97.1916666666667
378,Togo,222,2013,99.3805498875071
379,Tonga,224,2013,84.1802819918629
380,Trinidad and Tobago,225,2013,91.569137407889
381,Tunisia,226,2013,91.5179555915479
382,Turkey,227,2013,222.333333333333
383,Uganda,231,2013,83.7708880198301
384,Ukraine,232,2013,104.375
385,United Arab Emirates,233,2013,91.5595215501793
386,United Kingdom,234,2013,98.2
387,United States,235,2013,106.833848874866
388,Uruguay,237,2013,47.281054512958
389,"Uzbekistan, Rep. of",238,2013,44.9810037969244
390,Vanuatu,239,2013,140.825
391,"Venezuela, Rep. Bolivariana de",241,2013,406.166666666667
392,Vietnam,242,2013,84.2059569084743
393,West Bank and Gaza,172,2013,97.1054185808795
394,"Yemen, Rep. of",247,2013,169.81473604397
395,Zambia,248,2013,131.2625
396,Zimbabwe,249,2013,2.08182911694511
397,"Afghanistan, Islamic Rep. of",1,2014,101.97049935906
398,Albania,3,2014,90.7156331877106
399,Algeria,4,2014,164.77
400,Angola,7,2014,28.4451221937138
401,Anguilla,8,2014,107.17
402,Antigua and Barbuda,10,2014,95.6345787141029
403,Argentina,11,2014,0.0
404,"Armenia, Rep. of",12,2014,119.762188726211
405,"Aruba, Kingdom of the Netherlands",13,2014,93.2870833333333
406,Australia,14,2014,106.075
407,Austria,15,2014,91.6580533333333
408,"Azerbaijan, Rep. of",16,2014,113.175
409,"Bahamas, The",17,2014,100.144166666667
410,"Bahrain, Kingdom of",18,2014,91.2780907509195
411,Bangladesh,19,2014,65.4724710579777
412,Barbados,20,2014,78.4039084930483
413,"Belarus, Rep. of",21,2014,49.5404473973455
414,Belgium,22,2014,100.339166666667
415,Belize,23,2014,98.9686755051603
416,Benin,24,2014,100.0
417,Bhutan,26,2014,83.8367077111106
418,Bolivia,27,2014,89.5816666666667
419,Bosnia and Herzegovina,28,2014,101.04686883654
420,Botswana,29,2014,87.2959342023588
421,Brazil,31,2014,3953.15333333333
422,British Virgin Islands,243,2014,0.0
423,Brunei Darussalam,33,2014,100.385599653372
424,Bulgaria,34,2014,6557.26769700625
425,Burkina Faso,35,2014,100.92181269452
426,Burundi,36,2014,88.8407900057283
427,Cabo Verde,40,2014,99.2589616418058
428,Cambodia,37,2014,158.287666666667
429,Cameroon,38,2014,106.421757267202
430,Canada,39,2014,125.158333333333
431,Cayman Islands,41,2014,104.9125
432,Central African Rep.,42,2014,85.7410183310896
433,Chad,43,2014,100.0
434,Chile,44,2014,87.9558333333333
435,"China, P.R.: Hong Kong",98,2014,88.325
436,"China, P.R.: Macao",131,2014,88.75
437,"China, P.R.: Mainland",45,2014,88.3790158333333
438,Colombia,48,2014,81.4924033333333
439,"Comoros, Union of the",49,2014,0.0
440,"Congo, Dem. Rep. of the",50,2014,124.756766754782
441,"Congo, Rep. of",52,2014,90.6530905245422
442,Costa Rica,54,2014,92.2298333333333
443,Côte d'Ivoire,109,2014,101.885666022314
444,"Croatia, Rep. of",55,2014,100.466666666667
445,"Curaçao, Kingdom of the Netherlands",250,2014,124.158333333333
446,Cyprus,57,2014,102.141913568598
447,Czech Rep.,58,2014,99.6666666666667
448,Denmark,59,2014,99.55
449,Djibouti,60,2014,102.312783826374
450,Dominica,61,2014,103.11511315
451,Dominican Rep.,62,2014,87.0048180386734
452,Ecuador,64,2014,99.2822069595927
453,"Egypt, Arab Rep. of",65,2014,50.6253961030493
454,El Salvador,66,2014,110.179166666667
455,"Equatorial Guinea, Rep. of",67,2014,129.883333333333
456,"Estonia, Rep. of",69,2014,196.008333333333
457,"Eswatini, Kingdom of",214,2014,74.5656444173816
458,"Ethiopia, The Federal Dem. Rep. of",70,2014,84.3832109574293
459,"Fiji, Rep. of",73,2014,100.008333333333
460,Finland,74,2014,100.203351666667
461,France,75,2014,99.9616666666667
462,Gabon,79,2014,89.8619121587852
463,"Gambia, The",80,2014,68.4930334821555
464,Georgia,81,2014,110.25075
465,Germany,82,2014,94.3656691666667
466,Ghana,83,2014,46.9460489346985
467,Greece,85,2014,101.861791666667
468,Grenada,87,2014,108.158333333333
469,Guadeloupe,88,2014,99.7025
470,Guatemala,90,2014,116.729166666667
471,Guinea,92,2014,63.157672720958
472,Guinea-Bissau,93,2014,99.3120487364621
473,Guyana,94,2014,112.771335849751
474,Haiti,95,2014,69.8806408435455
475,Honduras,97,2014,276.033333333333
476,Hungary,99,2014,135.183333333333
477,Iceland,100,2014,149.1621
478,India,101,2014,117.35
479,Indonesia,102,2014,113.2175
480,"Iran, Islamic Rep. of",103,2014,81.4729362470429
481,Iraq,104,2014,0.0
482,Ireland,105,2014,100.616666666667
483,Israel,107,2014,94.2416666666667
484,Italy,108,2014,99.9302241666667
485,Jamaica,110,2014,83.75
486,Japan,111,2014,97.45
487,Jordan,113,2014,94.2016308387477
488,"Kazakhstan, Rep. of",114,2014,57.1030826587336
489,Kenya,115,2014,76.4899490184322
490,Kiribati,116,2014,123.59818658426
491,"Korea, Rep. of",118,2014,94.1955833333333
492,"Kosovo, Rep. of",251,2014,100.539827887338
493,Kuwait,119,2014,103.176404299584
494,Kyrgyz Rep.,120,2014,93.5301071411992
495,Lao People's Dem. Rep.,121,2014,98.4550203153751
496,Latvia,123,2014,99.82606
497,Lebanon,124,2014,100.81412113505
498,"Lesotho, Kingdom of",125,2014,65.5181398972736
499,Liberia,126,2014,54.8100705237475
500,Libya,127,2014,0.0
501,Lithuania,129,2014,100.891975
502,Luxembourg,130,2014,99.5275
503,"Madagascar, Rep. of",134,2014,87.7991332089688
504,Malawi,135,2014,38.2588405346137
505,Malaysia,136,2014,110.483333333333
506,Maldives,137,2014,93.6527437198884
507,Mali,138,2014,100.820990813648
508,Malta,139,2014,96.80937590015
509,Martinique,141,2014,99.8608333333333
510,"Mauritania, Islamic Rep. of",142,2014,88.5361039062957
511,Mauritius,143,2014,94.3292144748455
512,Mexico,145,2014,85.332965
513,"Micronesia, Federated States of",146,2014,101.644712641005
514,"Moldova, Rep. of",147,2014,46.1259538956235
515,Mongolia,149,2014,75.6589894480519
516,Montenegro,150,2014,98.4749270935009
517,Montserrat,151,2014,99.6736940976845
518,Morocco,152,2014,95.809900990099
519,"Mozambique, Rep. of",153,2014,82.2461346473522
520,Myanmar,154,2014,109.364777603988
521,Namibia,155,2014,108.585168643297
522,"Nauru, Rep. of",156,2014,0.0
523,Nepal,157,2014,96.1290276660882
524,"Netherlands, The",158,2014,99.4033333333333
525,New Caledonia,160,2014,105.023333333333
526,New Zealand,161,2014,97.5326225
527,Nicaragua,162,2014,183.0225
528,Niger,163,2014,97.302215358984
529,Nigeria,164,2014,158.815284190713
530,"North Macedonia, Republic of",133,2014,110.029166666667
531,Norway,168,2014,97.875
532,Oman,169,2014,102.108333333333
533,Pakistan,170,2014,95.804740057282
534,"Palau, Rep. of",171,2014,99.41925842235
535,Panama,173,2014,102.626684166667
536,Papua New Guinea,174,2014,111.325
537,Paraguay,175,2014,88.0883301096067
538,Peru,176,2014,79.3916725378564
539,Philippines,177,2014,90.5553023663453
540,"Poland, Rep. of",179,2014,123.933333333333
541,Portugal,180,2014,99.9955
542,Qatar,182,2014,94.7849190221073
543,Romania,184,2014,100.5975
544,Russian Federation,185,2014,131.155275
545,Rwanda,186,2014,101.82954045322
546,Samoa,194,2014,99.1063244729606
547,"San Marino, Rep. of",195,2014,107.57660919567
548,"São Tomé and Príncipe, Dem. Rep. of",196,2014,93.8858333333333
549,Saudi Arabia,197,2014,95.2816666666667
550,Senegal,198,2014,100.144568943464
551,"Serbia, Rep. of",199,2014,180.15
552,Seychelles,200,2014,97.0622945204972
553,Sierra Leone,201,2014,39.5275
554,Singapore,202,2014,99.4830833333333
555,"Sint Maarten, Kingdom of the Netherlands",191,2014,126.382954916667
556,Slovak Rep.,203,2014,163.991666666667
557,"Slovenia, Rep. of",204,2014,100.529166666667
558,Solomon Islands,205,2014,99.5913612565445
559,Somalia,206,2014,0.0
560,South Africa,207,2014,70.8416666666667
561,"South Sudan, Rep. of",252,2014,161.493986813964
562,Spain,209,2014,93.8813333333333
563,Sri Lanka,210,2014,83.6856283643892
564,St. Kitts and Nevis,189,2014,109.874166666667
565,St. Lucia,190,2014,103.353321
566,St. Vincent and the Grenadines,193,2014,107.675
567,Sudan,211,2014,429.841898339215
568,Suriname,212,2014,62.1579736478383
569,Sweden,215,2014,313.4925
570,Switzerland,216,2014,100.914233333333
571,Syrian Arab Rep.,217,2014,0.0
572,"Tajikistan, Rep. of",219,2014,467.660062621743
573,"Tanzania, United Rep. of",220,2014,77.3036905160501
574,Thailand,221,2014,98.3027765957196
575,"Timor-Leste, Dem. Rep. of",63,2014,98.0166666666667
576,Togo,222,2014,99.5702425878823
577,Tonga,224,2014,86.2939447690595
578,Trinidad and Tobago,225,2014,96.774310070799
579,Tunisia,226,2014,95.7511652973278
580,Turkey,227,2014,242.02
581,Uganda,231,2014,86.3474348265819
582,Ukraine,232,2014,116.975
583,United Arab Emirates,233,2014,93.7077539065506
584,United Kingdom,234,2014,99.625
585,United States,235,2014,108.566932118964
586,Uruguay,237,2014,51.4783607813098
587,"Uzbekistan, Rep. of",238,2014,49.1566324643519
588,Vanuatu,239,2014,141.95
589,"Venezuela, Rep. Bolivariana de",241,2014,658.675
590,Vietnam,242,2014,87.6453950823342
591,West Bank and Gaza,172,2014,98.7882410165425
592,"Yemen, Rep. of",247,2014,183.577754829868
593,Zambia,248,2014,141.51
594,Zimbabwe,249,2014,2.077711575179
595,"Afghanistan, Islamic Rep. of",1,2015,101.295751219497
596,Albania,3,2015,92.4357594616682
597,Algeria,4,2015,172.653333333333
598,Angola,7,2015,31.1058333333333
599,Anguilla,8,2015,106.1275
600,Antigua and Barbuda,10,2015,96.5612715262179
601,Argentina,11,2015,0.0
602,"Armenia, Rep. of",12,2015,124.231343774992
603,"Aruba, Kingdom of the Netherlands",13,2015,93.7299764460227
604,Australia,14,2015,107.675
605,Austria,15,2015,92.4798258333333
606,"Azerbaijan, Rep. of",16,2015,117.733333333333
607,"Bahamas, The",17,2015,102.008333333333
608,"Bahrain, Kingdom of",18,2015,92.9654825684163
609,Bangladesh,19,2015,69.5280193887162
610,Barbados,20,2015,77.5314376984455
611,"Belarus, Rep. of",21,2015,56.2454941798613
612,Belgium,22,2015,100.9025
613,Belize,23,2015,98.1159772226655
614,Benin,24,2015,100.218785923536
615,Bhutan,26,2015,87.6497218614418
616,Bolivia,27,2015,93.2183333333333
617,Bosnia and Herzegovina,28,2015,100.0
618,Botswana,29,2015,89.9689633767846
619,Brazil,31,2015,4310.11916666667
620,British Virgin Islands,243,2015,104.94079174532
621,Brunei Darussalam,33,2015,99.8953691666667
622,Bulgaria,34,2015,6550.40661398183
623,Burkina Faso,35,2015,101.653333333333
624,Burundi,36,2015,93.7667354390402
625,Cabo Verde,40,2015,99.3891774874361
626,Cambodia,37,2015,160.225
627,Cameroon,38,2015,109.269853917178
628,Canada,39,2015,126.566666666667
629,Cayman Islands,41,2015,102.44965
630,Central African Rep.,42,2015,86.9439392429021
631,Chad,43,2015,104.377126650657
632,Chile,44,2015,91.7808333333333
633,"China, P.R.: Hong Kong",98,2015,90.9666666666667
634,"China, P.R.: Macao",131,2015,92.7975
635,"China, P.R.: Mainland",45,2015,89.6490433333333
636,Colombia,48,2015,85.5587366666667
637,"Comoros, Union of the",49,2015,0.0
638,"Congo, Dem. Rep. of the",50,2015,125.685205358893
639,"Congo, Rep. of",52,2015,93.5259757738388
640,Costa Rica,54,2015,92.9695
641,Côte d'Ivoire,109,2015,103.160764671871
642,"Croatia, Rep. of",55,2015,100.0
643,"Curaçao, Kingdom of the Netherlands",250,2015,123.566666666667
644,Cyprus,57,2015,100.0
645,Czech Rep.,58,2015,99.975
646,Denmark,59,2015,100.0
647,Djibouti,60,2015,101.445795799689
648,Dominica,61,2015,102.245
649,Dominican Rep.,62,2015,87.7328276750864
650,Ecuador,64,2015,103.220380881551
651,"Egypt, Arab Rep. of",65,2015,55.8754979172833
652,El Salvador,66,2015,109.373333333333
653,"Equatorial Guinea, Rep. of",67,2015,132.060997373113
654,"Estonia, Rep. of",69,2015,195.043333333333
655,"Eswatini, Kingdom of",214,2015,78.2575721113753
656,"Ethiopia, The Federal Dem. Rep. of",70,2015,92.4577556591838
657,"Fiji, Rep. of",73,2015,101.383333333333
658,Finland,74,2015,99.995
659,France,75,2015,99.9991666666667
660,Gabon,79,2015,89.5574643238694
661,"Gambia, The",80,2015,73.1563508077971
662,Georgia,81,2015,114.664725
663,Germany,82,2015,94.8511108333333
664,Ghana,83,2015,54.9972820088242
665,Greece,85,2015,100.093585
666,Grenada,87,2015,107.600833333333
667,Guadeloupe,88,2015,100.000833333333
668,Guatemala,90,2015,119.5175
669,Guinea,92,2015,70.5976986744512
670,Guinea-Bissau,93,2015,100.778610108303
671,Guyana,94,2015,111.641666666667
672,Haiti,95,2015,74.5848942628892
673,Honduras,97,2015,284.75
674,Hungary,99,2015,135.1
675,Iceland,100,2015,151.598
676,India,101,2015,123.108333333333
677,Indonesia,102,2015,120.421666666667
678,"Iran, Islamic Rep. of",103,2015,91.6445728960076
679,Iraq,104,2015,103.557016378929
680,Ireland,105,2015,100.325
681,Israel,107,2015,93.675
682,Italy,108,2015,99.9689875
683,Jamaica,110,2015,86.8416666666667
684,Japan,111,2015,98.225
685,Jordan,113,2015,93.3756225578748
686,"Kazakhstan, Rep. of",114,2015,60.9094463037654
687,Kenya,115,2015,81.5246508632118
688,Kiribati,116,2015,124.305187670368
689,"Korea, Rep. of",118,2015,94.8609166666667
690,"Kosovo, Rep. of",251,2015,99.9999999999999
691,Kuwait,119,2015,106.552028432732
692,Kyrgyz Rep.,120,2015,99.6126677990376
693,Lao People's Dem. Rep.,121,2015,99.7126397224169
694,Latvia,123,2015,99.9999991666667
695,Lebanon,124,2015,97.0344533032055
696,"Lesotho, Kingdom of",125,2015,67.6268052843615
697,Liberia,126,2015,59.0571367462713
698,Libya,127,2015,0.0
699,Lithuania,129,2015,99.9999916666667
700,Luxembourg,130,2015,100.0
701,"Madagascar, Rep. of",134,2015,94.2999493795936
702,Malawi,135,2015,46.625034164546
703,Malaysia,136,2015,112.808333333333
704,Maldives,137,2015,94.5454479091543
705,Mali,138,2015,102.283591426072
706,Malta,139,2015,97.8748098058043
707,Martinique,141,2015,100.0
708,"Mauritania, Islamic Rep. of",142,2015,91.4177122796801
709,Mauritius,143,2015,95.5428067078552
710,Mexico,145,2015,87.6545683333333
711,"Micronesia, Federated States of",146,2015,101.341693654761
712,"Moldova, Rep. of",147,2015,50.5892120495389
713,Mongolia,149,2015,79.9985491071428
714,Montenegro,150,2015,100.0
715,Montserrat,151,2015,98.5306532986418
716,Morocco,152,2015,97.3025302530253
717,"Mozambique, Rep. of",153,2015,85.1664972294783
718,Myanmar,154,2015,119.704311671538
719,Namibia,155,2015,112.270565971908
720,"Nauru, Rep. of",156,2015,0.0
721,Nepal,157,2015,103.693333333333
722,"Netherlands, The",158,2015,100.0
723,New Caledonia,160,2015,105.6225
724,New Zealand,161,2015,97.818105
725,Nicaragua,162,2015,190.33860475
726,Niger,163,2015,96.7416666666667
727,Nigeria,164,2015,173.123643958299
728,"North Macedonia, Republic of",133,2015,109.699166666667
729,Norway,168,2015,100.0
730,Oman,169,2015,102.175
731,Pakistan,170,2015,98.2279563381817
732,"Palau, Rep. of",171,2015,100.36278759244
733,Panama,173,2015,102.766666666667
734,Papua New Guinea,174,2015,118.0
735,Paraguay,175,2015,90.8446163765313
736,Peru,176,2015,82.0894745693215
737,Philippines,177,2015,91.165819456617
738,"Poland, Rep. of",179,2015,122.85
739,Portugal,180,2015,100.483416666667
740,Qatar,182,2015,96.5043906644498
741,Romania,184,2015,99.9997934777908
742,Russian Federation,185,2015,151.529466666667
743,Rwanda,186,2015,104.404303277498
744,Samoa,194,2015,99.8243201955393
745,"San Marino, Rep. of",195,2015,107.733333333333
746,"São Tomé and Príncipe, Dem. Rep. of",196,2015,98.8109699380946
747,Saudi Arabia,197,2015,96.4308333333333
748,Senegal,198,2015,100.279976351563
749,"Serbia, Rep. of",199,2015,182.658333333333
750,Seychelles,200,2015,100.985498214236
751,Sierra Leone,201,2015,42.1716666666667
752,Singapore,202,2015,98.9631666666667
753,"Sint Maarten, Kingdom of the Netherlands",191,2015,126.800053
754,Slovak Rep.,203,2015,163.458333333333
755,"Slovenia, Rep. of",204,2015,100.000833333333
756,Solomon Islands,205,2015,99.0192394742583
757,Somalia,206,2015,100.912614982632
758,South Africa,207,2015,74.0583333333333
759,"South Sudan, Rep. of",252,2015,246.708437503382
760,Spain,209,2015,93.4115833333333
761,Sri Lanka,210,2015,86.8392106625259
762,St. Kitts and Nevis,189,2015,107.345
763,St. Lucia,190,2015,102.33673675
764,St. Vincent and the Grenadines,193,2015,105.808333333333
765,Sudan,211,2015,502.526317629178
766,Suriname,212,2015,66.4430844256637
767,Sweden,215,2015,313.345833333333
768,Switzerland,216,2015,99.7598666666667
769,Syrian Arab Rep.,217,2015,0.0
770,"Tajikistan, Rep. of",219,2015,494.384775141618
771,"Tanzania, United Rep. of",220,2015,81.6235517947188
772,Thailand,221,2015,97.417633855643
773,"Timor-Leste, Dem. Rep. of",63,2015,98.65
774,Togo,222,2015,102.14413725
775,Tonga,224,2015,85.3844080411797
776,Trinidad and Tobago,225,2015,101.285169677305
777,Tunisia,226,2015,100.0
778,Turkey,227,2015,260.585
779,Uganda,231,2015,91.1739853564245
780,Ukraine,232,2015,173.941666666667
781,United Arab Emirates,233,2015,97.5216277082656
782,United Kingdom,234,2015,99.9916666666667
783,United States,235,2015,108.695721960694
784,Uruguay,237,2015,55.9396144516788
785,"Uzbekistan, Rep. of",238,2015,53.4587629167683
786,Vanuatu,239,2015,145.475
787,"Venezuela, Rep. Bolivariana de",241,2015,1460.53333333333
788,Vietnam,242,2015,88.1986136094388
789,West Bank and Gaza,172,2015,100.202504794195
790,"Yemen, Rep. of",247,2015,0.0
791,Zambia,248,2015,155.8175
792,Zimbabwe,249,2015,2.02720306284805
793,"Afghanistan, Islamic Rep. of",1,2016,105.736447508106
794,Albania,3,2016,93.6147144248872
795,Algeria,4,2016,183.699166666667
796,Angola,7,2016,40.655
797,Anguilla,8,2016,105.573687
798,Antigua and Barbuda,10,2016,96.0886641668478
799,Argentina,11,2016,0.0
800,"Armenia, Rep. of",12,2016,122.487623243108
801,"Aruba, Kingdom of the Netherlands",13,2016,92.8571666666667
802,Australia,14,2016,109.05
803,Austria,15,2016,93.3043683333333
804,"Azerbaijan, Rep. of",16,2016,132.383333333333
805,"Bahamas, The",17,2016,101.655
806,"Bahrain, Kingdom of",18,2016,95.5562385715838
807,Bangladesh,19,2016,73.3614646251379
808,Barbados,20,2016,78.5253350083752
809,"Belarus, Rep. of",21,2016,62.9030375253307
810,Belgium,22,2016,102.894166666667
811,Belize,23,2016,98.7669052716284
812,Benin,24,2016,99.4229984796232
813,Bhutan,26,2016,90.4719437682483
814,Bolivia,27,2016,96.5958333333333
815,Bosnia and Herzegovina,28,2016,98.4159
816,Botswana,29,2016,92.5015518311608
817,Brazil,31,2016,4686.78666666667
818,British Virgin Islands,243,2016,106.049259007818
819,Brunei Darussalam,33,2016,99.6169675
820,Bulgaria,34,2016,6498.09179899701
821,Burkina Faso,35,2016,102.101666666667
822,Burundi,36,2016,98.9779995559317
823,Cabo Verde,40,2016,97.9899603758482
824,Cambodia,37,2016,165.062416666667
825,Cameroon,38,2016,110.225080471956
826,Canada,39,2016,128.375
827,Cayman Islands,41,2016,101.809075
828,Central African Rep.,42,2016,91.2436932979812
829,Chad,43,2016,103.55
830,Chile,44,2016,95.2558333333333
831,"China, P.R.: Hong Kong",98,2016,93.1583333333333
832,"China, P.R.: Macao",131,2016,94.9958333333334
833,"China, P.R.: Mainland",45,2016,91.4420258333333
834,Colombia,48,2016,91.9871583333333
835,"Comoros, Union of the",49,2016,0.0
836,"Congo, Dem. Rep. of the",50,2016,129.312293206219
837,"Congo, Rep. of",52,2016,96.5099798273728
838,Costa Rica,54,2016,92.95325
839,Côte d'Ivoire,109,2016,103.906801098584
840,"Croatia, Rep. of",55,2016,98.875
841,"Curaçao, Kingdom of the Netherlands",250,2016,123.508333333333
842,Cyprus,57,2016,98.5708333333333
843,Czech Rep.,58,2016,100.658333333333
844,Denmark,59,2016,100.25
845,Djibouti,60,2016,104.223799734014
846,Dominica,61,2016,102.39
847,Dominican Rep.,62,2016,89.1489812138206
848,Ecuador,64,2016,105.004302218628
849,"Egypt, Arab Rep. of",65,2016,63.5939191701517
850,El Salvador,66,2016,110.034001954751
851,"Equatorial Guinea, Rep. of",67,2016,133.92561830323
852,"Estonia, Rep. of",69,2016,195.333333333333
853,"Eswatini, Kingdom of",214,2016,84.3986586830927
854,"Ethiopia, The Federal Dem. Rep. of",70,2016,98.5859790173183
855,"Fiji, Rep. of",73,2016,105.3
856,Finland,74,2016,100.351666666667
857,France,75,2016,100.1825
858,Gabon,79,2016,91.4441778082936
859,"Gambia, The",80,2016,78.4446717696325
860,Georgia,81,2016,117.112733333333
861,Germany,82,2016,95.3175383333333
862,Ghana,83,2016,64.5968566822908
863,Greece,85,2016,99.2671583333333
864,Grenada,87,2016,109.376666666667
865,Guadeloupe,88,2016,99.9066666666667
866,Guatemala,90,2016,124.834166666667
867,Guinea,92,2016,76.3674234671149
868,Guinea-Bissau,93,2016,102.293434115523
869,Guyana,94,2016,112.575
870,Haiti,95,2016,83.1643255800611
871,Honduras,97,2016,292.508333333333
872,Hungary,99,2016,135.633333333333
873,Iceland,100,2016,154.170508333333
874,India,101,2016,129.2
875,Indonesia,102,2016,124.6675
876,"Iran, Islamic Rep. of",103,2016,98.2846121403857
877,Iraq,104,2016,104.133333333333
878,Ireland,105,2016,100.333333333333
879,Israel,107,2016,93.1583333333333
880,Italy,108,2016,99.875
881,Jamaica,110,2016,88.8833333333333
882,Japan,111,2016,98.1
883,Jordan,113,2016,92.6487582668179
884,"Kazakhstan, Rep. of",114,2016,69.7693488562793
885,Kenya,115,2016,86.658386549418
886,Kiribati,116,2016,126.688504585739
887,"Korea, Rep. of",118,2016,95.7826666666667
888,"Kosovo, Rep. of",251,2016,100.273169431046
889,Kuwait,119,2016,109.959986130375
890,Kyrgyz Rep.,120,2016,99.9999999999999
891,Lao People's Dem. Rep.,121,2016,101.3049631067
892,Latvia,123,2016,100.1406325
893,Lebanon,124,2016,96.2743245743083
894,"Lesotho, Kingdom of",125,2016,72.0878108133684
895,Liberia,126,2016,64.2743910717118
896,Libya,127,2016,0.0
897,Lithuania,129,2016,100.905516666667
898,Luxembourg,130,2016,100.290833333333
899,"Madagascar, Rep. of",134,2016,99.9916666666667
900,Malawi,135,2016,56.7478481179135
901,Malaysia,136,2016,115.166666666667
902,Maldives,137,2016,95.0205476850391
903,Mali,138,2016,100.442847769029
904,Malta,139,2016,98.5038539210533
905,Martinique,141,2016,99.755
906,"Mauritania, Islamic Rep. of",142,2016,92.7631163103932
907,Mauritius,143,2016,96.4769049720506
908,Mexico,145,2016,90.1279241666667
909,"Micronesia, Federated States of",146,2016,100.290305947522
910,"Moldova, Rep. of",147,2016,53.8063363545084
911,Mongolia,149,2016,80.58515625
912,Montenegro,150,2016,99.7286149766148
913,Montserrat,151,2016,98.2883333333333
914,Morocco,152,2016,98.8937293729373
915,"Mozambique, Rep. of",153,2016,100.000833333333
916,Myanmar,154,2016,127.998414253743
917,Namibia,155,2016,119.824783453573
918,"Nauru, Rep. of",156,2016,0.0
919,Nepal,157,2016,112.808333333333
920,"Netherlands, The",158,2016,100.316666666667
921,New Caledonia,160,2016,106.233333333333
922,New Zealand,161,2016,98.450245
923,Nicaragua,162,2016,197.044563416667
924,Niger,163,2016,98.3416666666667
925,Nigeria,164,2016,200.298537983892
926,"North Macedonia, Republic of",133,2016,109.436666666667
927,Norway,168,2016,103.55
928,Oman,169,2016,103.308333333333
929,Pakistan,170,2016,101.92635594625
930,"Palau, Rep. of",171,2016,99.316700903862
931,Panama,173,2016,103.526866666667
932,Papua New Guinea,174,2016,125.875
933,Paraguay,175,2016,94.5572748764238
934,Peru,176,2016,85.0095421789577
935,Philippines,177,2016,92.3087642418931
936,"Poland, Rep. of",179,2016,122.033333333333
937,Portugal,180,2016,101.09375
938,Qatar,182,2016,99.0874191760576
939,Romania,184,2016,98.455
940,Russian Federation,185,2016,162.20085
941,Rwanda,186,2016,111.894626122079
942,Samoa,194,2016,101.126746761322
943,"San Marino, Rep. of",195,2016,108.351666666667
944,"São Tomé and Príncipe, Dem. Rep. of",196,2016,104.176919087997
945,Saudi Arabia,197,2016,98.4258333333333
946,Senegal,198,2016,101.119605493955
947,"Serbia, Rep. of",199,2016,184.708333333333
948,Seychelles,200,2016,99.9600087411019
949,Sierra Leone,201,2016,46.7625
950,Singapore,202,2016,98.4364166666667
951,"Sint Maarten, Kingdom of the Netherlands",191,2016,126.941666666667
952,Slovak Rep.,203,2016,162.608333333333
953,"Slovenia, Rep. of",204,2016,99.9458333333333
954,Solomon Islands,205,2016,99.5266988438045
955,Somalia,206,2016,100.936767125623
956,South Africa,207,2016,78.925
957,"South Sudan, Rep. of",252,2016,1184.19947771574
958,Spain,209,2016,93.2223333333333
959,Sri Lanka,210,2016,90.2770781573499
960,St. Kitts and Nevis,189,2016,106.6075
961,St. Lucia,190,2016,99.18658925
962,St. Vincent and the Grenadines,193,2016,105.65
963,Sudan,211,2016,591.726014576918
964,Suriname,212,2016,103.260784151046
965,Sweden,215,2016,316.43
966,Switzerland,216,2016,99.3262916666667
967,Syrian Arab Rep.,217,2016,0.0
968,"Tajikistan, Rep. of",219,2016,524.070508542698
969,"Tanzania, United Rep. of",220,2016,85.8473798401536
970,Thailand,221,2016,97.6009248458228
971,"Timor-Leste, Dem. Rep. of",63,2016,97.2
972,Togo,222,2016,103.4571475
973,Tonga,224,2016,87.585750556483
974,Trinidad and Tobago,225,2016,104.395300388577
975,Tunisia,226,2016,103.629399373844
976,Turkey,227,2016,280.845833333333
977,Uganda,231,2016,96.3767149053951
978,Ukraine,232,2016,198.141666666667
979,United Arab Emirates,233,2016,99.0990284206866
980,United Kingdom,234,2016,101.0
981,United States,235,2016,110.06700893427
982,Uruguay,237,2016,61.3318651857526
983,"Uzbekistan, Rep. of",238,2016,57.8054343582056
984,Vanuatu,239,2016,146.7
985,"Venezuela, Rep. Bolivariana de",241,2016,5184.14166666667
986,Vietnam,242,2016,90.5519715027653
987,West Bank and Gaza,172,2016,99.9829544879087
988,"Yemen, Rep. of",247,2016,0.0
989,Zambia,248,2016,183.661666666667
990,Zimbabwe,249,2016,1.99590974542562
991,"Afghanistan, Islamic Rep. of",1,2017,110.997841859789
992,Albania,3,2017,95.474521757159
993,Algeria,4,2017,193.97
994,Angola,7,2017,52.7875
995,Anguilla,8,2017,106.94
996,Antigua and Barbuda,10,2017,98.4260092867667
997,Argentina,11,2017,112.887108333333
998,"Armenia, Rep. of",12,2017,123.675205998157
999,"Aruba, Kingdom of the Netherlands",13,2017,91.9023333333333
1000,Australia,14,2017,111.175
1001,Austria,15,2017,95.2462833333333
1002,"Azerbaijan, Rep. of",16,2017,149.508333333333
1003,"Bahamas, The",17,2017,103.198333333333
1004,"Bahrain, Kingdom of",18,2017,96.8813344241555
1005,Bangladesh,19,2017,77.5445868063925
1006,Barbados,20,2017,82.1847606085986
1007,"Belarus, Rep. of",21,2017,66.6972463752834
1008,Belgium,22,2017,105.081666666667
1009,Belize,23,2017,99.9004070111968
1010,Benin,24,2017,101.182201416667
1011,Bhutan,26,2017,94.9549042797058
1012,Bolivia,27,2017,99.3225
1013,Bosnia and Herzegovina,28,2017,99.2132
1014,Botswana,29,2017,95.5617628801986
1015,Brazil,31,2017,4848.31083333333
1016,British Virgin Islands,243,2017,0.0
1017,Brunei Darussalam,33,2017,98.36129
1018,Bulgaria,34,2017,6632.05621223579
1019,Burkina Faso,35,2017,103.615833333333
1020,Burundi,36,2017,114.86647787689
1021,Cabo Verde,40,2017,98.7586085695846
1022,Cambodia,37,2017,169.870083333333
1023,Cameroon,38,2017,110.930971972763
1024,Canada,39,2017,130.425
1025,Cayman Islands,41,2017,0.0
1026,Central African Rep.,42,2017,95.0583396605446
1027,Chad,43,2017,101.958333333333
1028,Chile,44,2017,97.335
1029,"China, P.R.: Hong Kong",98,2017,94.55
1030,"China, P.R.: Macao",131,2017,96.1625
1031,"China, P.R.: Mainland",45,2017,92.8988216666667
1032,Colombia,48,2017,95.9557725
1033,"Comoros, Union of the",49,2017,0.0
1034,"Congo, Dem. Rep. of the",50,2017,0.0
1035,"Congo, Rep. of",52,2017,96.944336332436
1036,Costa Rica,54,2017,94.4645833333333
1037,Côte d'Ivoire,109,2017,104.619478172883
1038,"Croatia, Rep. of",55,2017,99.9916666666667
1039,"Curaçao, Kingdom of the Netherlands",250,2017,125.466666666667
1040,Cyprus,57,2017,99.095
1041,Czech Rep.,58,2017,103.125
1042,Denmark,59,2017,101.4
1043,Djibouti,60,2017,104.815907769189
1044,Dominica,61,2017,102.693333333333
1045,Dominican Rep.,62,2017,92.0726728202069
1046,Ecuador,64,2017,105.442522541418
1047,"Egypt, Arab Rep. of",65,2017,82.3583278620878
1048,El Salvador,66,2017,111.147935611383
1049,"Equatorial Guinea, Rep. of",67,2017,134.9225
1050,"Estonia, Rep. of",69,2017,202.008333333333
1051,"Eswatini, Kingdom of",214,2017,89.6494159789296
1052,"Ethiopia, The Federal Dem. Rep. of",70,2017,109.121975996797
1053,"Fiji, Rep. of",73,2017,108.825
1054,Finland,74,2017,101.108333333333
1055,France,75,2017,101.216666666667
1056,Gabon,79,2017,93.8692095809387
1057,"Gambia, The",80,2017,84.7470655448074
1058,Georgia,81,2017,124.180858333333
1059,Germany,82,2017,96.7563516666667
1060,Ghana,83,2017,72.588729115245
1061,Greece,85,2017,100.380195833333
1062,Grenada,87,2017,110.370308025
1063,Guadeloupe,88,2017,0.0
1064,Guatemala,90,2017,130.3575
1065,Guinea,92,2017,83.1750901199237
1066,Guinea-Bissau,93,2017,104.023333333333
1067,Guyana,94,2017,114.719166666667
1068,Haiti,95,2017,92.0463493389427
1069,Honduras,97,2017,304.016666666667
1070,Hungary,99,2017,138.818333333333
1071,Iceland,100,2017,156.88455
1072,India,101,2017,133.5
1073,Indonesia,102,2017,129.415833333333
1074,"Iran, Islamic Rep. of",103,2017,106.191534860917
1075,Iraq,104,2017,104.325
1076,Ireland,105,2017,100.675
1077,Israel,107,2017,93.4
1078,Italy,108,2017,101.1
1079,Jamaica,110,2017,92.775
1080,Japan,111,2017,98.575
1081,Jordan,113,2017,95.7283052247098
1082,"Kazakhstan, Rep. of",114,2017,74.9601914623797
1083,Kenya,115,2017,93.5960167520181
1084,Kiribati,116,2017,127.138908682929
1085,"Korea, Rep. of",118,2017,97.645
1086,"Kosovo, Rep. of",251,2017,101.765469138155
1087,Kuwait,119,2017,112.348133379565
1088,Kyrgyz Rep.,120,2017,103.175309863799
1089,Lao People's Dem. Rep.,121,2017,102.141213905551
1090,Latvia,123,2017,103.075116666667
1091,Lebanon,124,2017,100.434677200999
1092,"Lesotho, Kingdom of",125,2017,75.294059923474
1093,Liberia,126,2017,72.2570341641881
1094,Libya,127,2017,0.0
1095,Lithuania,129,2017,104.662116666667
1096,Luxembourg,130,2017,102.026666666667
1097,"Madagascar, Rep. of",134,2017,108.6
1098,Malawi,135,2017,63.2984757666504
1099,Malaysia,136,2017,119.625
1100,Maldives,137,2017,97.6977263238236
1101,Mali,138,2017,102.210498687664
1102,Malta,139,2017,99.8477956664824
1103,Martinique,141,2017,100.316666666667
1104,"Mauritania, Islamic Rep. of",142,2017,94.854253459994
1105,Mauritius,143,2017,100.014710208885
1106,Mexico,145,2017,95.5729641666667
1107,"Micronesia, Federated States of",146,2017,100.87425
1108,"Moldova, Rep. of",147,2017,57.3415363938827
1109,Mongolia,149,2017,84.0514711850649
1110,Montenegro,150,2017,102.102391363147
1111,Montserrat,151,2017,99.4608333333333
1112,Morocco,152,2017,99.6400440044004
1113,"Mozambique, Rep. of",153,2017,115.114166666667
1114,Myanmar,154,2017,133.85118853298
1115,Namibia,155,2017,127.188974768727
1116,"Nauru, Rep. of",156,2017,0.0
1117,Nepal,157,2017,116.9
1118,"Netherlands, The",158,2017,101.7025
1119,New Caledonia,160,2017,0.0
1120,New Zealand,161,2017,100.27235
1121,Nicaragua,162,2017,204.632102583333
1122,Niger,163,2017,101.091666666667
1123,Nigeria,164,2017,233.352335944672
1124,"North Macedonia, Republic of",133,2017,110.915833333333
1125,Norway,168,2017,105.491666666667
1126,Oman,169,2017,104.958333333333
1127,Pakistan,170,2017,106.090428465393
1128,"Palau, Rep. of",171,2017,100.725
1129,Panama,173,2017,104.433333333333
1130,Papua New Guinea,174,2017,132.7
1131,Paraguay,175,2017,97.9636793466581
1132,Peru,176,2017,87.5554933470993
1133,Philippines,177,2017,94.9425065731814
1134,"Poland, Rep. of",179,2017,124.566666666667
1135,Portugal,180,2017,102.477333333333
1136,Qatar,182,2017,99.4786945008929
1137,Romania,184,2017,99.7733333333333
1138,Russian Federation,185,2017,168.175241666667
1139,Rwanda,186,2017,121.158982782482
1140,Samoa,194,2017,102.896360441407
1141,"San Marino, Rep. of",195,2017,109.485
1142,"São Tomé and Príncipe, Dem. Rep. of",196,2017,110.104894355399
1143,Saudi Arabia,197,2017,97.6008333333333
1144,Senegal,198,2017,102.452516757502
1145,"Serbia, Rep. of",199,2017,190.491666666667
1146,Seychelles,200,2017,102.8156620282
1147,Sierra Leone,201,2017,55.2833333333333
1148,Singapore,202,2017,99.0036666666667
1149,"Sint Maarten, Kingdom of the Netherlands",191,2017,129.724240833333
1150,Slovak Rep.,203,2017,164.741666666667
1151,"Slovenia, Rep. of",204,2017,101.374166666667
1152,Solomon Islands,205,2017,100.013072643979
1153,Somalia,206,2017,104.930424553925
1154,South Africa,207,2017,83.0166666666667
1155,"South Sudan, Rep. of",252,2017,3408.7375023654
1156,Spain,209,2017,95.0458333333333
1157,Sri Lanka,210,2017,97.2321485507246
1158,St. Kitts and Nevis,189,2017,107.348333333333
1159,St. Lucia,190,2017,99.29000325
1160,St. Vincent and the Grenadines,193,2017,107.925
1161,Sudan,211,2017,783.159002330597
1162,Suriname,212,2017,125.975
1163,Sweden,215,2017,322.108333333333
1164,Switzerland,216,2017,99.8564833333333
1165,Syrian Arab Rep.,217,2017,0.0
1166,"Tajikistan, Rep. of",219,2017,0.0
1167,"Tanzania, United Rep. of",220,2017,90.4133582121815
1168,Thailand,221,2017,98.2505877295914
1169,"Timor-Leste, Dem. Rep. of",63,2017,97.7083333333333
1170,Togo,222,2017,102.44131225
1171,Tonga,224,2017,94.1696264607679
1172,Trinidad and Tobago,225,2017,106.358333333333
1173,Tunisia,226,2017,109.130927079933
1174,Turkey,227,2017,312.144166666667
1175,Uganda,231,2017,101.397669062862
1176,Ukraine,232,2017,226.75
1177,United Arab Emirates,233,2017,101.048133459401
1178,United Kingdom,234,2017,103.583333333333
1179,United States,235,2017,112.411557302308
1180,Uruguay,237,2017,65.1455381080046
1181,"Uzbekistan, Rep. of",238,2017,65.8263676062856
1182,Vanuatu,239,2017,151.225
1183,"Venezuela, Rep. Bolivariana de",241,2017,0.0
1184,Vietnam,242,2017,93.7396335169164
1185,West Bank and Gaza,172,2017,100.195489188333
1186,"Yemen, Rep. of",247,2017,0.0
1187,Zambia,248,2017,195.741666666667
1188,Zimbabwe,249,2017,2.01375242641209
1189,"Afghanistan, Islamic Rep. of",1,2018,111.69285390219
1190,Albania,3,2018,97.4108019905306
1191,Algeria,4,2018,202.2525
1192,Angola,7,2018,63.15
1193,Anguilla,8,2018,107.3425
1194,Antigua and Barbuda,10,2018,99.6141666666667
1195,Argentina,11,2018,151.581675
1196,"Armenia, Rep. of",12,2018,126.792110366697
1197,"Aruba, Kingdom of the Netherlands",13,2018,95.23475
1198,Australia,14,2018,113.3
1199,Austria,15,2018,97.1496658333333
1200,"Azerbaijan, Rep. of",16,2018,152.9
1201,"Bahamas, The",17,2018,105.536666666667
1202,"Bahrain, Kingdom of",18,2018,98.9038963783191
1203,Bangladesh,19,2018,81.8433651111511
1204,Barbados,20,2018,85.2040759352317
1205,"Belarus, Rep. of",21,2018,69.9469377814387
1206,Belgium,22,2018,107.239166666667
1207,Belize,23,2018,100.17012075008
1208,Benin,24,2018,101.834627916667
1209,Bhutan,26,2018,97.5414415573271
1210,Bolivia,27,2018,101.579166666667
1211,Bosnia and Herzegovina,28,2018,100.619158333333
1212,Botswana,29,2018,98.6560676598386
1213,Brazil,31,2018,5025.99416666667
1214,British Virgin Islands,243,2018,0.0
1215,Brunei Darussalam,33,2018,99.3695441666667
1216,Bulgaria,34,2018,6818.71840139494
1217,Burkina Faso,35,2018,105.6425
1218,Burundi,36,2018,111.633333333333
1219,Cabo Verde,40,2018,100.0
1220,Cambodia,37,2018,174.047333333333
1221,Cameroon,38,2018,112.116666666667
1222,Canada,39,2018,133.383333333333
1223,Cayman Islands,41,2018,0.0
1224,Central African Rep.,42,2018,96.5908292138097
1225,Chad,43,2018,106.316666666667
1226,Chile,44,2018,99.705
1227,"China, P.R.: Hong Kong",98,2018,96.825
1228,"China, P.R.: Macao",131,2018,99.0516666666667
1229,"China, P.R.: Mainland",45,2018,94.8262775
1230,Colombia,48,2018,99.0652858333333
1231,"Comoros, Union of the",49,2018,0.0
1232,"Congo, Dem. Rep. of the",50,2018,0.0
1233,"Congo, Rep. of",52,2018,98.0618902482284
1234,Costa Rica,54,2018,96.56275
1235,Côte d'Ivoire,109,2018,104.995490026019
1236,"Croatia, Rep. of",55,2018,101.491666666667
1237,"Curaçao, Kingdom of the Netherlands",250,2018,128.708333333333
1238,Cyprus,57,2018,100.5175
1239,Czech Rep.,58,2018,105.341666666667
1240,Denmark,59,2018,102.225
1241,Djibouti,60,2018,104.971004758721
1242,Dominica,61,2018,103.709166666667
1243,Dominican Rep.,62,2018,95.3545427144325
1244,Ecuador,64,2018,105.206222425733
1245,"Egypt, Arab Rep. of",65,2018,94.2191342667378
1246,El Salvador,66,2018,112.359814904202
1247,"Equatorial Guinea, Rep. of",67,2018,136.352778486507
1248,"Estonia, Rep. of",69,2018,208.95
1249,"Eswatini, Kingdom of",214,2018,93.9660906492473
1250,"Ethiopia, The Federal Dem. Rep. of",70,2018,124.216857847875
1251,"Fiji, Rep. of",73,2018,113.266666666667
1252,Finland,74,2018,102.204166666667
1253,France,75,2018,103.09
1254,Gabon,79,2018,98.3271207865169
1255,"Gambia, The",80,2018,90.2733947728635
1256,Georgia,81,2018,127.428491666667
1257,Germany,82,2018,98.432335
1258,Ghana,83,2018,78.2570125089161
1259,Greece,85,2018,101.008195833333
1260,Grenada,87,2018,111.257798225
1261,Guadeloupe,88,2018,0.0
1262,Guatemala,90,2018,135.248333333333
1263,Guinea,92,2018,91.349219426788
1264,Guinea-Bissau,93,2018,104.42
1265,Guyana,94,2018,116.190833333333
1266,Haiti,95,2018,103.535032618166
1267,Honduras,97,2018,317.233333333333
1268,Hungary,99,2018,142.775
1269,Iceland,100,2018,161.093633333333
1270,India,101,2018,138.758333333333
1271,Indonesia,102,2018,133.555
1272,"Iran, Islamic Rep. of",103,2018,125.321003614838
1273,Iraq,104,2018,104.708333333333
1274,Ireland,105,2018,101.166666666667
1275,Israel,107,2018,94.1416666666667
1276,Italy,108,2018,102.25
1277,Jamaica,110,2018,96.2416666666667
1278,Japan,111,2018,99.55
1279,Jordan,113,2018,100.0
1280,"Kazakhstan, Rep. of",114,2018,79.4721435586449
1281,Kenya,115,2018,97.9855012414426
1282,Kiribati,116,2018,127.856010894452
1283,"Korea, Rep. of",118,2018,99.0860833333333
1284,"Kosovo, Rep. of",251,2018,102.837871348522
1285,Kuwait,119,2018,112.958333333333
1286,Kyrgyz Rep.,120,2018,104.766955597446
1287,Lao People's Dem. Rep.,121,2018,104.225295746007
1288,Latvia,123,2018,105.687508333333
1289,Lebanon,124,2018,106.538081565929
1290,"Lesotho, Kingdom of",125,2018,78.8718853339728
1291,Liberia,126,2018,89.2833311724222
1292,Libya,127,2018,0.0
1293,Lithuania,129,2018,107.485825
1294,Luxembourg,130,2018,103.585833333333
1295,"Madagascar, Rep. of",134,2018,117.933333333333
1296,Malawi,135,2018,71.1602591971005
1297,Malaysia,136,2018,120.683333333333
1298,Maldives,137,2018,97.5674235580656
1299,Mali,138,2018,102.516666666667
1300,Malta,139,2018,101.003857033266
1301,Martinique,141,2018,0.0
1302,"Mauritania, Islamic Rep. of",142,2018,97.7637748515363
1303,Mauritius,143,2018,103.231237128567
1304,Mexico,145,2018,100.255418333333
1305,"Micronesia, Federated States of",146,2018,102.38575
1306,"Moldova, Rep. of",147,2018,59.0876171262365
1307,Mongolia,149,2018,89.787351943554
1308,Montenegro,150,2018,104.768513289063
1309,Montserrat,151,2018,100.7675
1310,Morocco,152,2018,101.437467409461
1311,"Mozambique, Rep. of",153,2018,119.616666666667
1312,Myanmar,154,2018,143.049882119771
1313,Namibia,155,2018,132.647405430786
1314,"Nauru, Rep. of",156,2018,0.0
1315,Nepal,157,2018,121.6475
1316,"Netherlands, The",158,2018,103.435
1317,New Caledonia,160,2018,0.0
1318,New Zealand,161,2018,101.875
1319,Nicaragua,162,2018,214.75573825
1320,Niger,163,2018,104.091666666667
1321,Nigeria,164,2018,261.576549537888
1322,"North Macedonia, Republic of",133,2018,112.533333333333
1323,Norway,168,2018,108.408333333333
1324,Oman,169,2018,105.883333333333
1325,Pakistan,170,2018,111.477761168854
1326,"Palau, Rep. of",171,2018,102.85
1327,Panama,173,2018,105.228675
1328,Papua New Guinea,174,2018,138.504947187684
1329,Paraguay,175,2018,101.858333333333
1330,Peru,176,2018,88.8768407787611
1331,Philippines,177,2018,99.9833333333333
1332,"Poland, Rep. of",179,2018,126.825
1333,Portugal,180,2018,103.495666666667
1334,Qatar,182,2018,99.7331763039596
1335,Romania,184,2018,104.388333333333
1336,Russian Federation,185,2018,173.015825
1337,Rwanda,186,2018,120.781923717837
1338,Samoa,194,2018,107.215392866781
1339,"San Marino, Rep. of",195,2018,0.0
1340,"São Tomé and Príncipe, Dem. Rep. of",196,2018,118.768603986368
1341,Saudi Arabia,197,2018,100.0
1342,Senegal,198,2018,102.924808150097
1343,"Serbia, Rep. of",199,2018,194.225
1344,Seychelles,200,2018,106.622842086389
1345,Sierra Leone,201,2018,64.145
1346,Singapore,202,2018,99.4379166666667
1347,"Sint Maarten, Kingdom of the Netherlands",191,2018,0.0
1348,Slovak Rep.,203,2018,168.883333333333
1349,"Slovenia, Rep. of",204,2018,103.136666666667
1350,Solomon Islands,205,2018,103.475
1351,Somalia,206,2018,109.406704846526
1352,South Africa,207,2018,86.7666666666667
1353,"South Sudan, Rep. of",252,2018,6255.08545321473
1354,Spain,209,2018,96.6378333333333
1355,Sri Lanka,210,2018,99.3080916149068
1356,St. Kitts and Nevis,189,2018,106.235
1357,St. Lucia,190,2018,101.21187935
1358,St. Vincent and the Grenadines,193,2018,110.433333333333
1359,Sudan,211,2018,1278.83997140833
1360,Suriname,212,2018,0.0
1361,Sweden,215,2018,328.400833333333
1362,Switzerland,216,2018,100.791475
1363,Syrian Arab Rep.,217,2018,0.0
1364,"Tajikistan, Rep. of",219,2018,0.0
1365,"Tanzania, United Rep. of",220,2018,93.5728154830209
1366,Thailand,221,2018,99.2958733172803
1367,"Timor-Leste, Dem. Rep. of",63,2018,99.95
1368,Togo,222,2018,103.391717083333
1369,Tonga,224,2018,98.9083333333333
1370,Trinidad and Tobago,225,2018,107.441666666667
1371,Tunisia,226,2018,117.105769715183
1372,Turkey,227,2018,363.125
1373,Uganda,231,2018,104.050244161525
1374,Ukraine,232,2018,251.583333333333
1375,United Arab Emirates,233,2018,104.148930629447
1376,United Kingdom,234,2018,105.958333333333
1377,United States,235,2018,115.157303224791
1378,Uruguay,237,2018,70.100855355547
1379,"Uzbekistan, Rep. of",238,2018,77.3618985236058
1380,Vanuatu,239,2018,154.75
1381,"Venezuela, Rep. Bolivariana de",241,2018,0.0
1382,Vietnam,242,2018,97.0576678876847
1383,West Bank and Gaza,172,2018,99.9999999999993
1384,"Yemen, Rep. of",247,2018,0.0
1385,Zambia,248,2018,210.411666666667
1386,Zimbabwe,249,2018,2.22759009546539
1387,"Afghanistan, Islamic Rep. of",1,2019,114.264439471841
1388,Albania,3,2019,98.7853568454385
1389,Algeria,4,2019,206.2
1390,Angola,7,2019,73.9358333333333
1391,Anguilla,8,2019,108.2175
1392,Antigua and Barbuda,10,2019,101.04
1393,Argentina,11,2019,232.751091666667
1394,"Armenia, Rep. of",12,2019,128.622286782626
1395,"Aruba, Kingdom of the Netherlands",13,2019,99.2893333333333
1396,Australia,14,2019,115.125
1397,Austria,15,2019,98.6369258333333
1398,"Azerbaijan, Rep. of",16,2019,156.891564325
1399,"Bahamas, The",17,2019,108.165833333333
1400,"Bahrain, Kingdom of",18,2019,99.8986915953775
1401,Bangladesh,19,2019,86.4200431412378
1402,Barbados,20,2019,88.6976898380793
1403,"Belarus, Rep. of",21,2019,73.8626764409718
1404,Belgium,22,2019,108.78
1405,Belize,23,2019,100.357508379103
1406,Benin,24,2019,101.116666666667
1407,Bhutan,26,2019,100.200841047075
1408,Bolivia,27,2019,103.4477611986
1409,Bosnia and Herzegovina,28,2019,101.185425
1410,Botswana,29,2019,101.391666666667
1411,Brazil,31,2019,5213.61333333333
1412,British Virgin Islands,243,2019,0.0
1413,Brunei Darussalam,33,2019,98.9814841666667
1414,Bulgaria,34,2019,7030.35297239303
1415,Burkina Faso,35,2019,102.226666666667
1416,Burundi,36,2019,110.866666666667
1417,Cabo Verde,40,2019,101.106666742961
1418,Cambodia,37,2019,177.428333333333
1419,Cameroon,38,2019,114.866666666667
1420,Canada,39,2019,135.983333333333
1421,Cayman Islands,41,2019,0.0
1422,Central African Rep.,42,2019,99.1846537958199
1423,Chad,43,2019,105.283333333333
1424,Chile,44,2019,102.255
1425,"China, P.R.: Hong Kong",98,2019,99.6166666666667
1426,"China, P.R.: Macao",131,2019,101.7775
1427,"China, P.R.: Mainland",45,2019,97.5755133333333
1428,Colombia,48,2019,102.555375
1429,"Comoros, Union of the",49,2019,0.0
1430,"Congo, Dem. Rep. of the",50,2019,0.0
1431,"Congo, Rep. of",52,2019,100.225207188979
1432,Costa Rica,54,2019,98.58675
1433,Côte d'Ivoire,109,2019,103.833333333333
1434,"Croatia, Rep. of",55,2019,102.275
1435,"Curaçao, Kingdom of the Netherlands",250,2019,132.083333333333
1436,Cyprus,57,2019,100.769166666667
1437,Czech Rep.,58,2019,108.341666666667
1438,Denmark,59,2019,103.0
1439,Djibouti,60,2019,108.455258746485
1440,Dominica,61,2019,105.2695992
1441,Dominican Rep.,62,2019,97.0810356600959
1442,Ecuador,64,2019,105.486084144434
1443,"Egypt, Arab Rep. of",65,2019,102.842822804666
1444,El Salvador,66,2019,112.444448962869
1445,"Equatorial Guinea, Rep. of",67,2019,138.439351362426
1446,"Estonia, Rep. of",69,2019,213.708333333333
1447,"Eswatini, Kingdom of",214,2019,96.4073449097445
1448,"Ethiopia, The Federal Dem. Rep. of",70,2019,143.855086169159
1449,"Fiji, Rep. of",73,2019,115.275
1450,Finland,74,2019,103.250833333333
1451,France,75,2019,104.2325
1452,Gabon,79,2019,100.75045910959
1453,"Gambia, The",80,2019,96.6969572904829
1454,Georgia,81,2019,133.612466666667
1455,Germany,82,2019,99.8553316666667
1456,Ghana,83,2019,83.8474117833743
1457,Greece,85,2019,101.263754166667
1458,Grenada,87,2019,111.923286483333
1459,Guadeloupe,88,2019,0.0
1460,Guatemala,90,2019,140.2525
1461,Guinea,92,2019,99.9999999999999
1462,Guinea-Bissau,93,2019,104.6775
1463,Guyana,94,2019,118.616004299898
1464,Haiti,95,2019,122.9
1465,Honduras,97,2019,331.083333333333
1466,Hungary,99,2019,147.541666666667
1467,Iceland,100,2019,165.94895
1468,India,101,2019,143.933333333333
1469,Indonesia,102,2019,137.6025
1470,"Iran, Islamic Rep. of",103,2019,175.333289598926
1471,Iraq,104,2019,104.5
1472,Ireland,105,2019,102.116666666667
1473,Israel,107,2019,94.9416666666667
1474,Italy,108,2019,102.875
1475,Jamaica,110,2019,100.0
1476,Japan,111,2019,100.016666666667
1477,Jordan,113,2019,100.761514047266
1478,"Kazakhstan, Rep. of",114,2019,83.6408364083641
1479,Kenya,115,2019,103.115884901113
1480,Kiribati,116,2019,125.537879192182
1481,"Korea, Rep. of",118,2019,99.4655833333333
1482,"Kosovo, Rep. of",251,2019,105.589804585927
1483,Kuwait,119,2019,114.191666666667
1484,Kyrgyz Rep.,120,2019,105.954617459531
1485,Lao People's Dem. Rep.,121,2019,107.688242494743
1486,Latvia,123,2019,108.658816666667
1487,Lebanon,124,2019,109.739965876318
1488,"Lesotho, Kingdom of",125,2019,82.9630359568164
1489,Liberia,126,2019,0.0
1490,Libya,127,2019,0.0
1491,Lithuania,129,2019,109.995091666667
1492,Luxembourg,130,2019,105.391666666667
1493,"Madagascar, Rep. of",134,2019,124.55
1494,Malawi,135,2019,77.8285704235259
1495,Malaysia,136,2019,121.483333333333
1496,Maldives,137,2019,97.7821008977279
1497,Mali,138,2019,100.816666666667
1498,Malta,139,2019,102.662400985934
1499,Martinique,141,2019,0.0
1500,"Mauritania, Islamic Rep. of",142,2019,100.012432223083
1501,Mauritius,143,2019,103.65
1502,Mexico,145,2019,103.900666666667
1503,"Micronesia, Federated States of",146,2019,104.3555
1504,"Moldova, Rep. of",147,2019,61.9461481265547
1505,Mongolia,149,2019,96.3427889430435
1506,Montenegro,150,2019,105.147318206903
1507,Montserrat,151,2019,99.6883333333333
1508,Morocco,152,2019,101.745214521452
1509,"Mozambique, Rep. of",153,2019,122.969166666667
1510,Myanmar,154,2019,155.674130014551
1511,Namibia,155,2019,137.585064683011
1512,"Nauru, Rep. of",156,2019,0.0
1513,Nepal,157,2019,128.421666666667
1514,"Netherlands, The",158,2019,106.159166666667
1515,New Caledonia,160,2019,0.0
1516,New Zealand,161,2019,103.525
1517,Nicaragua,162,2019,226.301629333333
1518,Niger,163,2019,101.5
1519,Nigeria,164,2019,291.386917859901
1520,"North Macedonia, Republic of",133,2019,113.395833333333
1521,Norway,168,2019,110.758333333333
1522,Oman,169,2019,106.025
1523,Pakistan,170,2019,123.270282072344
1524,"Palau, Rep. of",171,2019,103.125
1525,Panama,173,2019,104.855025
1526,Papua New Guinea,174,2019,143.946353526019
1527,Paraguay,175,2019,104.666666666667
1528,Peru,176,2019,90.8784555860374
1529,Philippines,177,2019,102.375
1530,"Poland, Rep. of",179,2019,129.65
1531,Portugal,180,2019,103.845666666667
1532,Qatar,182,2019,99.0683139355872
1533,Romania,184,2019,108.384166666667
1534,Russian Federation,185,2019,180.750266666667
1535,Rwanda,186,2019,124.825553419079
1536,Samoa,194,2019,108.268598157921
1537,"San Marino, Rep. of",195,2019,0.0
1538,"São Tomé and Príncipe, Dem. Rep. of",196,2019,127.937831496649
1539,Saudi Arabia,197,2019,97.9066666666667
1540,Senegal,198,2019,104.736399546978
1541,"Serbia, Rep. of",199,2019,197.816666666667
1542,Seychelles,200,2019,108.835014818788
1543,Sierra Leone,201,2019,73.6416666666667
1544,Singapore,202,2019,100.0
1545,"Sint Maarten, Kingdom of the Netherlands",191,2019,0.0
1546,Slovak Rep.,203,2019,173.383333333333
1547,"Slovenia, Rep. of",204,2019,104.818333333333
1548,Solomon Islands,205,2019,105.166666666667
1549,Somalia,206,2019,114.558181456565
1550,South Africa,207,2019,90.3416666666667
1551,"South Sudan, Rep. of",252,2019,11712.1073313477
1552,Spain,209,2019,97.3138333333333
1553,Sri Lanka,210,2019,102.81207194617
1554,St. Kitts and Nevis,189,2019,105.884889741667
1555,St. Lucia,190,2019,101.7575
1556,St. Vincent and the Grenadines,193,2019,111.441666666667
1557,Sudan,211,2019,1930.97228503467
1558,Suriname,212,2019,140.633333333333
1559,Sweden,215,2019,334.26
1560,Switzerland,216,2019,101.157233333333
1561,Syrian Arab Rep.,217,2019,0.0
1562,"Tajikistan, Rep. of",219,2019,0.0
1563,"Tanzania, United Rep. of",220,2019,96.8144403579493
1564,Thailand,221,2019,99.9976256539383
1565,"Timor-Leste, Dem. Rep. of",63,2019,100.908333333333
1566,Togo,222,2019,104.089252166667
1567,Tonga,224,2019,100.075
1568,Trinidad and Tobago,225,2019,108.516666666667
1569,Tunisia,226,2019,124.975365654224
1570,Turkey,227,2019,418.235833333333
1571,Uganda,231,2019,107.033976512937
1572,Ukraine,232,2019,271.425
1573,United Arab Emirates,233,2019,102.137730264404
1574,United Kingdom,234,2019,107.8
1575,United States,235,2019,117.244195476228
1576,Uruguay,237,2019,75.6261968594408
1577,"Uzbekistan, Rep. of",238,2019,88.5992836337465
1578,Vanuatu,239,2019,159.025
1579,"Venezuela, Rep. Bolivariana de",241,2019,0.0
1580,Vietnam,242,2019,99.7712291444279
1581,West Bank and Gaza,172,2019,101.580183336394
1582,"Yemen, Rep. of",247,2019,0.0
1583,Zambia,248,2019,229.665
1584,Zimbabwe,249,2019,7.91473878281623
1585,"Afghanistan, Islamic Rep. of",1,2020,0.0
1586,Albania,3,2020,100.38655547427
1587,Algeria,4,2020,211.18
1588,Angola,7,2020,90.4025
1589,Anguilla,8,2020,107.705
1590,Antigua and Barbuda,10,2020,101.6725
1591,Argentina,11,2020,330.541683333333
1592,"Armenia, Rep. of",12,2020,130.180463183687
1593,"Aruba, Kingdom of the Netherlands",13,2020,0.0
1594,Australia,14,2020,116.1
1595,Austria,15,2020,100.0
1596,"Azerbaijan, Rep. of",16,2020,161.221472575
1597,"Bahamas, The",17,2020,108.2075
1598,"Bahrain, Kingdom of",18,2020,97.5833333333333
1599,Bangladesh,19,2020,91.3382723931946
1600,Barbados,20,2020,0.0
1601,"Belarus, Rep. of",21,2020,77.9606837779334
1602,Belgium,22,2020,109.585833333333
1603,Belize,23,2020,100.479377162747
1604,Benin,24,2020,104.173141583333
1605,Bhutan,26,2020,105.841512349464
1606,Bolivia,27,2020,104.420937894925
1607,Bosnia and Herzegovina,28,2020,100.121666666667
1608,Botswana,29,2020,103.308333333333
1609,Brazil,31,2020,5381.0625
1610,British Virgin Islands,243,2020,0.0
1611,Brunei Darussalam,33,2020,100.902041666667
1612,Bulgaria,34,2020,7147.93147573754
1613,Burkina Faso,35,2020,104.153066800435
1614,Burundi,36,2020,118.983333333333
1615,Cabo Verde,40,2020,101.719166692098
1616,Cambodia,37,2020,182.64525
1617,Cameroon,38,2020,117.666666666667
1618,Canada,39,2020,136.958333333333
1619,Cayman Islands,41,2020,0.0
1620,Central African Rep.,42,2020,100.880866694167
1621,Chad,43,2020,109.983333333333
1622,Chile,44,2020,105.369166666667
1623,"China, P.R.: Hong Kong",98,2020,99.8666666666667
1624,"China, P.R.: Macao",131,2020,102.603333333333
1625,"China, P.R.: Mainland",45,2020,99.9362766666667
1626,Colombia,48,2020,105.146575
1627,"Comoros, Union of the",49,2020,0.0
1628,"Congo, Dem. Rep. of the",50,2020,0.0
1629,"Congo, Rep. of",52,2020,102.024621965431
1630,Costa Rica,54,2020,99.3014166666667
1631,Côte d'Ivoire,109,2020,106.351298486667
1632,"Croatia, Rep. of",55,2020,102.433333333333
1633,"Curaçao, Kingdom of the Netherlands",250,2020,0.0
1634,Cyprus,57,2020,100.125833333333
1635,Czech Rep.,58,2020,111.766666666667
1636,Denmark,59,2020,103.433333333333
1637,Djibouti,60,2020,110.382951016235
1638,Dominica,61,2020,104.504166666667
1639,Dominican Rep.,62,2020,100.751700489353
1640,Ecuador,64,2020,105.128620927274
1641,"Egypt, Arab Rep. of",65,2020,108.031174197112
1642,El Salvador,66,2020,112.026616396221
1643,"Equatorial Guinea, Rep. of",67,2020,145.038333333333
1644,"Estonia, Rep. of",69,2020,212.758333333333
1645,"Eswatini, Kingdom of",214,2020,0.0
1646,"Ethiopia, The Federal Dem. Rep. of",70,2020,173.138726479615
1647,"Fiji, Rep. of",73,2020,112.283333333333
1648,Finland,74,2020,103.550833333333
1649,France,75,2020,104.729166666667
1650,Gabon,79,2020,102.1133721353
1651,"Gambia, The",80,2020,102.432321064531
1652,Georgia,81,2020,140.563608333333
1653,Germany,82,2020,100.0
1654,Ghana,83,2020,92.1376481772255
1655,Greece,85,2020,99.9999991666667
1656,Grenada,87,2020,111.094234216667
1657,Guadeloupe,88,2020,0.0
1658,Guatemala,90,2020,144.760833333333
1659,Guinea,92,2020,110.601620338717
1660,Guinea-Bissau,93,2020,105.870833333333
1661,Guyana,94,2020,119.79426098562
1662,Haiti,95,2020,150.916666666667
1663,Honduras,97,2020,342.566666666667
1664,Hungary,99,2020,152.45
1665,Iceland,100,2020,170.67505
1666,India,101,2020,153.466666666667
1667,Indonesia,102,2020,140.2458
1668,"Iran, Islamic Rep. of",103,2020,228.975
1669,Iraq,104,2020,105.1
1670,Ireland,105,2020,101.775
1671,Israel,107,2020,94.3583333333333
1672,Italy,108,2020,102.733333333333
1673,Jamaica,110,2020,105.226777792935
1674,Japan,111,2020,99.9916666666667
1675,Jordan,113,2020,101.097346481193
1676,"Kazakhstan, Rep. of",114,2020,89.3046139763723
1677,Kenya,115,2020,108.689107377251
1678,Kiribati,116,2020,0.0
1679,"Korea, Rep. of",118,2020,100.0
1680,"Kosovo, Rep. of",251,2020,105.799113062452
1681,Kuwait,119,2020,116.591666666667
1682,Kyrgyz Rep.,120,2020,112.656695163079
1683,Lao People's Dem. Rep.,121,2020,113.184728605213
1684,Latvia,123,2020,108.89685
1685,Lebanon,124,2020,202.870056003484
1686,"Lesotho, Kingdom of",125,2020,87.0930161638736
1687,Liberia,126,2020,0.0
1688,Libya,127,2020,0.0
1689,Lithuania,129,2020,111.314916666667
1690,Luxembourg,130,2020,106.255833333333
1691,"Madagascar, Rep. of",134,2020,129.783333333333
1692,Malawi,135,2020,84.5416852034872
1693,Malaysia,136,2020,120.1
1694,Maldives,137,2020,96.44270685295
1695,Mali,138,2020,101.258333333333
1696,Malta,139,2020,103.317946569936
1697,Martinique,141,2020,0.0
1698,"Mauritania, Islamic Rep. of",142,2020,102.398423702556
1699,Mauritius,143,2020,106.325
1700,Mexico,145,2020,107.43
1701,"Micronesia, Federated States of",146,2020,104.93425
1702,"Moldova, Rep. of",147,2020,64.2790222384191
1703,Mongolia,149,2020,100.0
1704,Montenegro,150,2020,104.87850309467
1705,Montserrat,151,2020,97.8002911027672
1706,Morocco,152,2020,102.463503850385
1707,"Mozambique, Rep. of",153,2020,127.253333333333
1708,Myanmar,154,2020,0.0
1709,Namibia,155,2020,140.624844844955
1710,"Nauru, Rep. of",156,2020,0.0
1711,Nepal,157,2020,134.91
1712,"Netherlands, The",158,2020,107.51
1713,New Caledonia,160,2020,0.0
1714,New Zealand,161,2020,105.3
1715,Nicaragua,162,2020,234.633633083333
1716,Niger,163,2020,104.441666666667
1717,Nigeria,164,2020,329.984097264759
1718,"North Macedonia, Republic of",133,2020,114.756666666667
1719,Norway,168,2020,112.183333333333
1720,Oman,169,2020,105.066666666667
1721,Pakistan,170,2020,135.276799088593
1722,"Palau, Rep. of",171,2020,103.35
1723,Panama,173,2020,103.229483333333
1724,Papua New Guinea,174,2020,150.958950584046
1725,Paraguay,175,2020,106.516666666667
1726,Peru,176,2020,92.6982167384464
1727,Philippines,177,2020,104.825
1728,"Poland, Rep. of",179,2020,134.025
1729,Portugal,180,2020,103.83275
1730,Qatar,182,2020,96.5516666666667
1731,Romania,184,2020,111.235833333333
1732,Russian Federation,185,2020,186.862625
1733,Rwanda,186,2020,137.121368513205
1734,Samoa,194,2020,106.569958612306
1735,"San Marino, Rep. of",195,2020,0.0
1736,"São Tomé and Príncipe, Dem. Rep. of",196,2020,140.500466699159
1737,Saudi Arabia,197,2020,101.28
1738,Senegal,198,2020,107.4
1739,"Serbia, Rep. of",199,2020,200.933333333333
1740,Seychelles,200,2020,117.843134574095
1741,Sierra Leone,201,2020,83.5441666666667
1742,Singapore,202,2020,99.8180833333333
1743,"Sint Maarten, Kingdom of the Netherlands",191,2020,0.0
1744,Slovak Rep.,203,2020,176.741666666667
1745,"Slovenia, Rep. of",204,2020,104.760833333333
1746,Solomon Islands,205,2020,108.283333333333
1747,Somalia,206,2020,119.270108177513
1748,South Africa,207,2020,93.2416666666667
1749,"South Sudan, Rep. of",252,2020,15187.7739798582
1750,Spain,209,2020,96.99975
1751,Sri Lanka,210,2020,109.139070393375
1752,St. Kitts and Nevis,189,2020,104.648953641667
1753,St. Lucia,190,2020,99.9708333333333
1754,St. Vincent and the Grenadines,193,2020,110.741666666667
1755,Sudan,211,2020,5083.43481548078
1756,Suriname,212,2020,189.7
1757,Sweden,215,2020,335.9225
1758,Switzerland,216,2020,100.422958333333
1759,Syrian Arab Rep.,217,2020,0.0
1760,"Tajikistan, Rep. of",219,2020,0.0
1761,"Tanzania, United Rep. of",220,2020,99.9999168155813
1762,Thailand,221,2020,99.1517085920566
1763,"Timor-Leste, Dem. Rep. of",63,2020,0.0
1764,Togo,222,2020,105.858024833333
1765,Tonga,224,2020,99.725
1766,Trinidad and Tobago,225,2020,109.166666666667
1767,Tunisia,226,2020,132.016666666667
1768,Turkey,227,2020,469.590833333333
1769,Uganda,231,2020,110.580357762645
1770,Ukraine,232,2020,278.841666666667
1771,United Arab Emirates,233,2020,100.013875053909
1772,United Kingdom,234,2020,108.866666666667
1773,United States,235,2020,118.690501577198
1774,Uruguay,237,2020,83.0045959402528
1775,"Uzbekistan, Rep. of",238,2020,100.0
1776,Vanuatu,239,2020,167.5
1777,"Venezuela, Rep. Bolivariana de",241,2020,0.0
1778,Vietnam,242,2020,102.984794951845
1779,West Bank and Gaza,172,2020,100.833231741553
1780,"Yemen, Rep. of",247,2020,0.0
1781,Zambia,248,2020,265.798333333333
1782,Zimbabwe,249,2020,52.0158071201273
1783,"Afghanistan, Islamic Rep. of",1,2021,0.0
1784,Albania,3,2021,102.435918526012
1785,Algeria,4,2021,226.44
1786,Angola,7,2021,113.685
1787,Anguilla,8,2021,109.64
1788,Antigua and Barbuda,10,2021,103.77
1789,Argentina,11,2021,490.554858333333
1790,"Armenia, Rep. of",12,2021,139.53371635077
1791,"Aruba, Kingdom of the Netherlands",13,2021,0.0
1792,Australia,14,2021,119.425
1793,Austria,15,2021,102.766666666667
1794,"Azerbaijan, Rep. of",16,2021,171.943182758333
1795,"Bahamas, The",17,2021,111.350833333333
1796,"Bahrain, Kingdom of",18,2021,96.9916666666667
1797,Bangladesh,19,2021,96.4035772307783
1798,Barbados,20,2021,0.0
1799,"Belarus, Rep. of",21,2021,85.3359857907689
1800,Belgium,22,2021,112.26
1801,Belize,23,2021,103.730524658011
1802,Benin,24,2021,105.979024273309
1803,Bhutan,26,2021,113.617491825579
1804,Bolivia,27,2021,105.19092089275
1805,Bosnia and Herzegovina,28,2021,102.105716666667
1806,Botswana,29,2021,110.788866666667
1807,Brazil,31,2021,5827.78
1808,British Virgin Islands,243,2021,0.0
1809,Brunei Darussalam,33,2021,102.651091666667
1810,Bulgaria,34,2021,7383.65198233464
1811,Burkina Faso,35,2021,107.958333333333
1812,Burundi,36,2021,128.983333333333
1813,Cabo Verde,40,2021,103.613333180745
1814,Cambodia,37,2021,187.979833333333
1815,Cameroon,38,2021,120.339885805459
1816,Canada,39,2021,141.608333333333
1817,Cayman Islands,41,2021,0.0
1818,Central African Rep.,42,2021,105.17775019
1819,Chad,43,2021,109.133333333333
1820,Chile,44,2021,110.136666666667
1821,"China, P.R.: Hong Kong",98,2021,101.433333333333
1822,"China, P.R.: Macao",131,2021,102.630476393333
1823,"China, P.R.: Mainland",45,2021,100.916666666667
1824,Colombia,48,2021,108.821508333333
1825,"Comoros, Union of the",49,2021,0.0
1826,"Congo, Dem. Rep. of the",50,2021,0.0
1827,"Congo, Rep. of",52,2021,103.775
1828,Costa Rica,54,2021,101.015833333333
1829,Côte d'Ivoire,109,2021,110.7031424625
1830,"Croatia, Rep. of",55,2021,105.05
1831,"Curaçao, Kingdom of the Netherlands",250,2021,0.0
1832,Cyprus,57,2021,102.575
1833,Czech Rep.,58,2021,116.058333333333
1834,Denmark,59,2021,105.35
1835,Djibouti,60,2021,111.68758671102
1836,Dominica,61,2021,0.0
1837,Dominican Rep.,62,2021,109.056666666667
1838,Ecuador,64,2021,105.268706271843
1839,"Egypt, Arab Rep. of",65,2021,113.663972992691
1840,El Salvador,66,2021,115.91049612245
1841,"Equatorial Guinea, Rep. of",67,2021,144.8975
1842,"Estonia, Rep. of",69,2021,222.658333333333
1843,"Eswatini, Kingdom of",214,2021,0.0
1844,"Ethiopia, The Federal Dem. Rep. of",70,2021,219.608333333333
1845,"Fiji, Rep. of",73,2021,112.458333333333
1846,Finland,74,2021,105.823333333333
1847,France,75,2021,106.449166666667
1848,Gabon,79,2021,103.22325
1849,"Gambia, The",80,2021,109.981939170228
1850,Georgia,81,2021,154.011208333333
1851,Germany,82,2021,103.066666666667
1852,Ghana,83,2021,101.324774780077
1853,Greece,85,2021,101.223824166667
1854,Grenada,87,2021,112.449041666667
1855,Guadeloupe,88,2021,0.0
1856,Guatemala,90,2021,150.929166666667
1857,Guinea,92,2021,124.534425269358
1858,Guinea-Bissau,93,2021,108.244974908829
1859,Guyana,94,2021,125.823333333333
1860,Haiti,95,2021,176.333333333333
1861,Honduras,97,2021,357.916666666667
1862,Hungary,99,2021,160.241666666667
1863,Iceland,100,2021,178.260258333333
1864,India,101,2021,161.341666666667
1865,Indonesia,102,2021,142.433816666667
1866,"Iran, Islamic Rep. of",103,2021,328.325
1867,Iraq,104,2021,111.45
1868,Ireland,105,2021,104.175
1869,Israel,107,2021,95.7833333333333
1870,Italy,108,2021,104.658333333333
1871,Jamaica,110,2021,111.395994830941
1872,Japan,111,2021,99.7583333333333
1873,Jordan,113,2021,102.458211566269
1874,"Kazakhstan, Rep. of",114,2021,96.4867773677737
1875,Kenya,115,2021,115.331
1876,Kiribati,116,2021,0.0
1877,"Korea, Rep. of",118,2021,102.498333333333
1878,"Kosovo, Rep. of",251,2021,109.347288810124
1879,Kuwait,119,2021,120.583333333333
1880,Kyrgyz Rep.,120,2021,126.068519580466
1881,Lao People's Dem. Rep.,121,2021,117.435517324579
1882,Latvia,123,2021,112.464125
1883,Lebanon,124,2021,516.823834674948
1884,"Lesotho, Kingdom of",125,2021,92.3601804950996
1885,Liberia,126,2021,0.0
1886,Libya,127,2021,0.0
1887,Lithuania,129,2021,116.5284
1888,Luxembourg,130,2021,108.940833333333
1889,"Madagascar, Rep. of",134,2021,137.326666666667
1890,Malawi,135,2021,92.429546264602
1891,Malaysia,136,2021,123.075
1892,Maldives,137,2021,96.9665351150313
1893,Mali,138,2021,105.233333333333
1894,Malta,139,2021,104.865538011469
1895,Martinique,141,2021,0.0
1896,"Mauritania, Islamic Rep. of",142,2021,106.049096307772
1897,Mauritius,143,2021,110.608333333333
1898,Mexico,145,2021,113.541916666667
1899,"Micronesia, Federated States of",146,2021,108.283
1900,"Moldova, Rep. of",147,2021,67.5613734871216
1901,Mongolia,149,2021,107.352812433802
1902,Montenegro,150,2021,107.406916128099
1903,Montserrat,151,2021,100.351666666667
1904,Morocco,152,2021,103.9
1905,"Mozambique, Rep. of",153,2021,135.408333333333
1906,Myanmar,154,2021,0.0
1907,Namibia,155,2021,145.711112312799
1908,"Nauru, Rep. of",156,2021,0.0
1909,Nepal,157,2021,140.425
1910,"Netherlands, The",158,2021,110.386666666667
1911,New Caledonia,160,2021,0.0
1912,New Zealand,161,2021,109.45
1913,Nicaragua,162,2021,246.197349833333
1914,Niger,163,2021,108.45
1915,Nigeria,164,2021,385.925792181719
1916,"North Macedonia, Republic of",133,2021,118.464166666667
1917,Norway,168,2021,116.091666666667
1918,Oman,169,2021,106.691666666667
1919,Pakistan,170,2021,148.122968770564
1920,"Palau, Rep. of",171,2021,106.05
1921,Panama,173,2021,104.91285
1922,Papua New Guinea,174,2021,157.72733120852
1923,Paraguay,175,2021,111.616666666667
1924,Peru,176,2021,96.657972920354
1925,Philippines,177,2021,108.941666666667
1926,"Poland, Rep. of",179,2021,140.8
1927,Portugal,180,2021,105.146916666667
1928,Qatar,182,2021,98.7766666666667
1929,Romania,184,2021,116.855833333333
1930,Russian Federation,185,2021,199.372066666667
1931,Rwanda,186,2021,136.584748496303
1932,Samoa,194,2021,109.909013598165
1933,"San Marino, Rep. of",195,2021,0.0
1934,"São Tomé and Príncipe, Dem. Rep. of",196,2021,151.934072067286
1935,Saudi Arabia,197,2021,104.3825
1936,Senegal,198,2021,109.741666666667
1937,"Serbia, Rep. of",199,2021,209.141666666667
1938,Seychelles,200,2021,0.0
1939,Sierra Leone,201,2021,93.4641666666667
1940,Singapore,202,2021,102.11875
1941,"Sint Maarten, Kingdom of the Netherlands",191,2021,0.0
1942,Slovak Rep.,203,2021,182.308333333333
1943,"Slovenia, Rep. of",204,2021,106.769166666667
1944,Solomon Islands,205,2021,108.158333333333
1945,Somalia,206,2021,124.786231873996
1946,South Africa,207,2021,97.5416666666667
1947,"South Sudan, Rep. of",252,2021,16785.0290101369
1948,Spain,209,2021,100.000083333333
1949,Sri Lanka,210,2021,116.794936853002
1950,St. Kitts and Nevis,189,2021,105.900229533333
1951,St. Lucia,190,2021,102.380833333333
1952,St. Vincent and the Grenadines,193,2021,112.483333333333
1953,Sudan,211,2021,23337.695470409
1954,Suriname,212,2021,301.85
1955,Sweden,215,2021,343.189166666667
1956,Switzerland,216,2021,101.007233333333
1957,Syrian Arab Rep.,217,2021,0.0
1958,"Tajikistan, Rep. of",219,2021,0.0
1959,"Tanzania, United Rep. of",220,2021,103.690833333333
1960,Thailand,221,2021,100.371666666667
1961,"Timor-Leste, Dem. Rep. of",63,2021,0.0
1962,Togo,222,2021,110.289469416667
1963,Tonga,224,2021,105.35
1964,Trinidad and Tobago,225,2021,111.414656653827
1965,Tunisia,226,2021,139.55
1966,Turkey,227,2021,561.614166666667
1967,Uganda,231,2021,113.018181419988
1968,Ukraine,232,2021,304.95
1969,United Arab Emirates,233,2021,100.000013186433
1970,United Kingdom,234,2021,111.608333333333
1971,United States,235,2021,124.266413825838
1972,Uruguay,237,2021,89.4357206689646
1973,"Uzbekistan, Rep. of",238,2021,110.849239750812
1974,Vanuatu,239,2021,171.425
1975,"Venezuela, Rep. Bolivariana de",241,2021,0.0
1976,Vietnam,242,2021,104.87427299701
1977,West Bank and Gaza,172,2021,102.081023854591
1978,"Yemen, Rep. of",247,2021,0.0
1979,Zambia,248,2021,324.329166666667
1980,Zimbabwe,249,2021,103.275359069212
1981,"Afghanistan, Islamic Rep. of",1,2022,0.0
1982,Albania,3,2022,109.324941700167
1983,Algeria,4,2022,247.420833333333
1984,Angola,7,2022,0.0
1985,Anguilla,8,2022,115.87
1986,Antigua and Barbuda,10,2022,111.585
1987,Argentina,11,2022,845.867458333333
1988,"Armenia, Rep. of",12,2022,151.590700720848
1989,"Aruba, Kingdom of the Netherlands",13,2022,0.0
1990,Australia,14,2022,127.3
1991,Austria,15,2022,111.55
1992,"Azerbaijan, Rep. of",16,2022,195.761197791667
1993,"Bahamas, The",17,2022,117.5925
1994,"Bahrain, Kingdom of",18,2022,100.508333333333
1995,Bangladesh,19,2022,103.823716582984
1996,Barbados,20,2022,102.957495812395
1997,"Belarus, Rep. of",21,2022,98.3153121214807
1998,Belgium,22,2022,123.034166666667
1999,Belize,23,2022,110.241578900864
2000,Benin,24,2022,107.41056629166
2001,Bhutan,26,2022,120.024571605847
2002,Bolivia,27,2022,107.027900165083
2003,Bosnia and Herzegovina,28,2022,116.4218
2004,Botswana,29,2022,123.713016666667
2005,Brazil,31,2022,6368.60416666667
2006,British Virgin Islands,243,2022,0.0
2007,Brunei Darussalam,33,2022,106.430961803718
2008,Bulgaria,34,2022,8515.21576685439
2009,Burkina Faso,35,2022,123.385833333333
2010,Burundi,36,2022,153.233333333333
2011,Cabo Verde,40,2022,0.0
2012,Cambodia,37,2022,198.024916666667
2013,Cameroon,38,2022,127.858333333333
2014,Canada,39,2022,151.241666666667
2015,Cayman Islands,41,2022,0.0
2016,Central African Rep.,42,2022,111.05
2017,Chad,43,2022,115.45
2018,Chile,44,2022,122.960833333333
2019,"China, P.R.: Hong Kong",98,2022,103.341666666667
2020,"China, P.R.: Macao",131,2022,103.7029936325
2021,"China, P.R.: Mainland",45,2022,102.908333333333
2022,Colombia,48,2022,119.896525
2023,"Comoros, Union of the",49,2022,0.0
2024,"Congo, Dem. Rep. of the",50,2022,0.0
2025,"Congo, Rep. of",52,2022,106.933333333333
2026,Costa Rica,54,2022,109.374666157376
2027,Côte d'Ivoire,109,2022,116.544025401667
2028,"Croatia, Rep. of",55,2022,116.375
2029,"Curaçao, Kingdom of the Netherlands",250,2022,0.0
2030,Cyprus,57,2022,111.186666666667
2031,Czech Rep.,58,2022,133.583333333333
2032,Denmark,59,2022,113.458333333333
2033,Djibouti,60,2022,117.472789798217
2034,Dominica,61,2022,0.0
2035,Dominican Rep.,62,2022,118.66575
2036,Ecuador,64,2022,108.917498295517
2037,"Egypt, Arab Rep. of",65,2022,129.458333333333
2038,El Salvador,66,2022,124.254447822934
2039,"Equatorial Guinea, Rep. of",67,2022,151.833333333333
2040,"Estonia, Rep. of",69,2022,265.850183333333
2041,"Eswatini, Kingdom of",214,2022,0.0
2042,"Ethiopia, The Federal Dem. Rep. of",70,2022,0.0
2043,"Fiji, Rep. of",73,2022,117.541666666667
2044,Finland,74,2022,113.361666666667
2045,France,75,2022,112.008333333333
2046,Gabon,79,2022,107.59088168335
2047,"Gambia, The",80,2022,122.644291627108
2048,Georgia,81,2022,172.335716666667
2049,Germany,82,2022,110.15
2050,Ghana,83,2022,132.994740100616
2051,Greece,85,2022,110.987125
2052,Grenada,87,2022,115.3275
2053,Guadeloupe,88,2022,0.0
2054,Guatemala,90,2022,161.320833333333
2055,Guinea,92,2022,137.601873570047
2056,Guinea-Bissau,93,2022,118.413333333333
2057,Guyana,94,2022,133.5175
2058,Haiti,95,2022,236.258333333333
2059,Honduras,97,2022,390.45
2060,Hungary,99,2022,183.65
2061,Iceland,100,2022,193.071466666667
2062,India,101,2022,172.15
2063,Indonesia,102,2022,148.429516666667
2064,"Iran, Islamic Rep. of",103,2022,0.0
2065,Iraq,104,2022,117.016666666667
2066,Ireland,105,2022,112.308333333333
2067,Israel,107,2022,99.9916666666667
2068,Italy,108,2022,113.241666666667
2069,Jamaica,110,2022,122.925
2070,Japan,111,2022,102.25
2071,Jordan,113,2022,106.791328849542
2072,"Kazakhstan, Rep. of",114,2022,0.0
2073,Kenya,115,2022,124.16175
2074,Kiribati,116,2022,0.0
2075,"Korea, Rep. of",118,2022,107.713333333333
2076,"Kosovo, Rep. of",251,2022,122.010263022166
2077,Kuwait,119,2022,125.383333333333
2078,Kyrgyz Rep.,120,2022,143.620925239465
2079,Lao People's Dem. Rep.,121,2022,144.394275991143
2080,Latvia,123,2022,131.931983333333
2081,Lebanon,124,2022,0.0
2082,"Lesotho, Kingdom of",125,2022,100.000033506814
2083,Liberia,126,2022,0.0
2084,Libya,127,2022,0.0
2085,Lithuania,129,2022,139.490375
2086,Luxembourg,130,2022,115.843333333333
2087,"Madagascar, Rep. of",134,2022,148.533333333333
2088,Malawi,135,2022,111.797205410434
2089,Malaysia,136,2022,127.233333333333
2090,Maldives,137,2022,99.2289034062427
2091,Mali,138,2022,0.0
2092,Malta,139,2022,111.318707578784
2093,Martinique,141,2022,0.0
2094,"Mauritania, Islamic Rep. of",142,2022,116.150555125226
2095,Mauritius,143,2022,122.525
2096,Mexico,145,2022,122.5075
2097,"Micronesia, Federated States of",146,2022,114.13975
2098,"Moldova, Rep. of",147,2022,86.9766865005312
2099,Mongolia,149,2022,123.614569322357
2100,Montenegro,150,2022,121.413104115871
2101,Montserrat,151,2022,103.420833333333
2102,Morocco,152,2022,110.816666666667
2103,"Mozambique, Rep. of",153,2022,149.3275
2104,Myanmar,154,2022,0.0
2105,Namibia,155,2022,154.5722147064
2106,"Nauru, Rep. of",156,2022,0.0
2107,Nepal,157,2022,151.2275
2108,"Netherlands, The",158,2022,121.426666666667
2109,New Caledonia,160,2022,0.0
2110,New Zealand,161,2022,117.3
2111,Nicaragua,162,2022,271.967871416667
2112,Niger,163,2022,113.033333333333
2113,Nigeria,164,2022,458.661950942361
2114,"North Macedonia, Republic of",133,2022,135.291666666667
2115,Norway,168,2022,122.783333333333
2116,Oman,169,2022,109.691666666667
2117,Pakistan,170,2022,177.560720159531
2118,"Palau, Rep. of",171,2022,119.15
2119,Panama,173,2022,107.910716666667
2120,Papua New Guinea,174,2022,0.0
2121,Paraguay,175,2022,122.516666666667
2122,Peru,176,2022,104.7131645
2123,Philippines,177,2022,115.283333333333
2124,"Poland, Rep. of",179,2022,161.116666666667
2125,Portugal,180,2022,113.38275
2126,Qatar,182,2022,103.710833333333
2127,Romania,184,2022,132.976666666667
2128,Russian Federation,185,2022,0.0
2129,Rwanda,186,2022,160.745510883195
2130,Samoa,194,2022,121.957110227505
2131,"San Marino, Rep. of",195,2022,0.0
2132,"São Tomé and Príncipe, Dem. Rep. of",196,2022,179.290766694957
2133,Saudi Arabia,197,2022,106.965
2134,Senegal,198,2022,120.383117440832
2135,"Serbia, Rep. of",199,2022,234.2
2136,Seychelles,200,2022,0.0
2137,Sierra Leone,201,2022,118.894166666667
2138,Singapore,202,2022,108.3695
2139,"Sint Maarten, Kingdom of the Netherlands",191,2022,0.0
2140,Slovak Rep.,203,2022,205.596666666667
2141,"Slovenia, Rep. of",204,2022,116.200833333333
2142,Solomon Islands,205,2022,114.12665
2143,Somalia,206,2022,133.245835234109
2144,South Africa,207,2022,104.408333333333
2145,"South Sudan, Rep. of",252,2022,15662.56025
2146,Spain,209,2022,108.390666666667
2147,Sri Lanka,210,2022,174.866666666667
2148,St. Kitts and Nevis,189,2022,108.725
2149,St. Lucia,190,2022,108.910833333333
2150,St. Vincent and the Grenadines,193,2022,118.85
2151,Sudan,211,2022,55732.3912087947
2152,Suriname,212,2022,460.158333333333
2153,Sweden,215,2022,371.911666666667
2154,Switzerland,216,2022,103.870816666667
2155,Syrian Arab Rep.,217,2022,0.0
2156,"Tajikistan, Rep. of",219,2022,0.0
2157,"Tanzania, United Rep. of",220,2022,108.201666666667
2158,Thailand,221,2022,106.471666666667
2159,"Timor-Leste, Dem. Rep. of",63,2022,0.0
2160,Togo,222,2022,119.076864083333
2161,Tonga,224,2022,116.908333333333
2162,Trinidad and Tobago,225,2022,117.908333333333
2163,Tunisia,226,2022,151.141666666667
2164,Turkey,227,2022,967.710833333333
2165,Uganda,231,2022,121.150731128109
2166,Ukraine,232,2022,366.5
2167,United Arab Emirates,233,2022,104.827902419003
2168,United Kingdom,234,2022,120.45
2169,United States,235,2022,134.21120616846
2170,Uruguay,237,2022,97.5782883830397
2171,"Uzbekistan, Rep. of",238,2022,123.537757269117
2172,Vanuatu,239,2022,0.0
2173,"Venezuela, Rep. Bolivariana de",241,2022,0.0
2174,Vietnam,242,2022,108.184637289345
2175,West Bank and Gaza,172,2022,105.900103535309
2176,"Yemen, Rep. of",247,2022,0.0
2177,Zambia,248,2022,359.983333333333
2178,Zimbabwe,249,2022,211.41
